12702,12202,43,150.869,-33.862,151.279,-33.640
12703,11502,19,150.931,-33.969,151.015,-33.548
11601,12501,1640,150.908,-33.769,151.045,-33.855
12702,12703,4288,150.869,-33.862,150.931,-33.969
11901,11603,372,151.015,-33.928,150.839,-33.775
12403,12405,2737,150.679,-33.811,150.786,-33.784
11901,12701,169,151.015,-33.928,150.747,-33.947
12301,11701,373,150.720,-34.055,151.200,-33.945
12202,11502,16,151.279,-33.640,151.015,-33.548
11903,11904,2883,151.078,-33.969,151.133,-33.960
12703,11601,392,150.931,-33.969,150.908,-33.769
12801,12101,323,151.144,-34.036,151.187,-33.807
12101,12702,70,151.187,-33.807,150.869,-33.862
12102,12002,103,151.150,-33.622,151.168,-33.871
11501,12503,1259,150.995,-33.731,150.974,-33.848
12702,11902,440,150.869,-33.862,151.089,-33.924
11502,12101,250,151.015,-33.548,151.187,-33.807
11501,12404,463,150.995,-33.731,150.747,-33.624
11701,12201,13,151.200,-33.945,151.270,-33.800
11901,12403,82,151.015,-33.928,150.679,-33.811
11504,11901,94,150.893,-33.621,151.015,-33.928
11904,12801,1428,151.133,-33.960,151.144,-34.036
11904,12103,91,151.133,-33.960,151.151,-33.735
11702,11501,84,151.161,-33.910,150.995,-33.731
11802,11802,7221,151.242,-33.943,151.242,-33.943
12403,12504,2202,150.679,-33.811,150.992,-33.797
12103,12101,3576,151.151,-33.735,151.187,-33.807
12202,11601,81,151.279,-33.640,150.908,-33.769
11502,12501,201,151.015,-33.548,151.045,-33.855
12501,12701,25,151.045,-33.855,150.747,-33.947
11902,11502,14,151.089,-33.924,151.015,-33.548
12501,11603,281,151.045,-33.855,150.839,-33.775
12003,11501,336,151.106,-33.886,150.995,-33.731
12701,12405,292,150.747,-33.947,150.786,-33.784
12103,12501,510,151.151,-33.735,151.045,-33.855
12002,11601,94,151.168,-33.871,150.908,-33.769
12801,12501,497,151.144,-34.036,151.045,-33.855
11603,12405,1458,150.839,-33.775,150.786,-33.784
11904,12104,359,151.133,-33.960,151.227,-33.831
12101,12302,31,151.187,-33.807,150.854,-34.078
11701,11801,666,151.200,-33.945,151.256,-33.882
12102,11701,134,151.150,-33.622,151.200,-33.945
12701,12504,977,150.747,-33.947,150.992,-33.797
11902,11601,149,151.089,-33.924,150.908,-33.769
12301,12002,41,150.720,-34.055,151.168,-33.871
12501,12403,125,151.045,-33.855,150.679,-33.811
12101,12203,858,151.187,-33.807,151.230,-33.710
12001,11501,273,151.115,-33.853,150.995,-33.731
12502,11901,354,151.047,-33.793,151.015,-33.928
12002,11502,9,151.168,-33.871,151.015,-33.548
11601,12101,581,150.908,-33.769,151.187,-33.807
11501,12602,3300,150.995,-33.731,151.114,-33.803
12101,11703,4285,151.187,-33.807,151.200,-33.889
11701,12802,33,151.200,-33.945,151.044,-34.085
11603,12504,2265,150.839,-33.775,150.992,-33.797
11602,11904,49,150.861,-33.699,151.133,-33.960
11501,11702,91,150.995,-33.731,151.161,-33.910
11902,11801,316,151.089,-33.924,151.256,-33.882
11504,11504,1540,150.893,-33.621,150.893,-33.621
11802,11602,6,151.242,-33.943,150.861,-33.699
12001,12002,1152,151.115,-33.853,151.168,-33.871
12101,12403,41,151.187,-33.807,150.679,-33.811
12301,11501,172,150.720,-34.055,150.995,-33.731
11703,11902,210,151.200,-33.889,151.089,-33.924
12501,12203,126,151.045,-33.855,151.230,-33.710
12104,12501,287,151.227,-33.831,151.045,-33.855
12203,12703,94,151.230,-33.710,150.931,-33.969
12002,12802,34,151.168,-33.871,151.044,-34.085
12501,11703,997,151.045,-33.855,151.200,-33.889
11901,12702,1174,151.015,-33.928,150.869,-33.862
11701,11502,6,151.200,-33.945,151.015,-33.548
12203,12202,3471,151.230,-33.710,151.279,-33.640
11902,12802,155,151.089,-33.924,151.044,-34.085
11504,12502,153,150.893,-33.621,151.047,-33.793
12101,12701,3,151.187,-33.807,150.747,-33.947
11703,12202,67,151.200,-33.889,151.279,-33.640
12003,12002,1170,151.106,-33.886,151.168,-33.871
12101,11603,92,151.187,-33.807,150.839,-33.775
11703,12703,235,151.200,-33.889,150.931,-33.969
11501,12001,693,150.995,-33.731,151.115,-33.853
11702,11701,705,151.161,-33.910,151.200,-33.945
12703,12201,3,150.931,-33.969,151.270,-33.800
12002,11801,420,151.168,-33.871,151.256,-33.882
12202,12201,555,151.279,-33.640,151.270,-33.800
12203,11902,44,151.230,-33.710,151.089,-33.924
12501,12302,139,151.045,-33.855,150.854,-34.078
11701,11601,22,151.200,-33.945,150.908,-33.769
12703,11801,136,150.931,-33.969,151.256,-33.882
12501,12702,511,151.045,-33.855,150.869,-33.862
11802,11903,209,151.242,-33.943,151.078,-33.969
11901,11703,2466,151.015,-33.928,151.200,-33.889
12102,11501,644,151.150,-33.622,150.995,-33.731
12502,11504,45,151.047,-33.793,150.893,-33.621
11901,12203,124,151.015,-33.928,151.230,-33.710
11702,12002,448,151.161,-33.910,151.168,-33.871
11501,12301,40,150.995,-33.731,150.720,-34.055
12302,11902,470,150.854,-34.078,151.089,-33.924
12003,11701,1166,151.106,-33.886,151.200,-33.945
12002,12201,36,151.168,-33.871,151.270,-33.800
12202,11801,159,151.279,-33.640,151.256,-33.882
11901,12302,544,151.015,-33.928,150.854,-34.078
12104,12101,2712,151.227,-33.831,151.187,-33.807
12703,12802,287,150.931,-33.969,151.044,-34.085
11902,12201,31,151.089,-33.924,151.270,-33.800
12302,12202,19,150.854,-34.078,151.279,-33.640
11904,12601,10,151.133,-33.960,151.074,-33.754
12502,12502,2258,151.047,-33.793,151.047,-33.793
12302,12703,4957,150.854,-34.078,150.931,-33.969
12001,11701,583,151.115,-33.853,151.200,-33.945
12701,12202,10,150.747,-33.947,151.279,-33.640
11701,12503,64,151.200,-33.945,150.974,-33.848
12202,12001,100,151.279,-33.640,151.115,-33.853
12701,12703,4210,150.747,-33.947,150.931,-33.969
12501,11901,1159,151.045,-33.855,151.015,-33.928
11603,12703,496,150.839,-33.775,150.931,-33.969
12502,12403,131,151.047,-33.793,150.679,-33.811
11603,12202,20,150.839,-33.775,151.279,-33.640
12002,12301,10,151.168,-33.871,150.720,-34.055
12703,12001,258,150.931,-33.969,151.115,-33.853
11501,12201,33,150.995,-33.731,151.270,-33.800
12201,12501,59,151.270,-33.800,151.045,-33.855
11902,12301,52,151.089,-33.924,150.720,-34.055
12202,11702,31,151.279,-33.640,151.161,-33.910
12701,11902,251,150.747,-33.947,151.089,-33.924
12703,11702,252,150.931,-33.969,151.161,-33.910
11603,11902,115,150.839,-33.775,151.089,-33.924
11904,12003,836,151.133,-33.960,151.106,-33.886
12502,11603,236,151.047,-33.793,150.839,-33.775
12602,12002,624,151.114,-33.803,151.168,-33.871
12502,12701,12,151.047,-33.793,150.747,-33.947
11903,11903,6141,151.078,-33.969,151.078,-33.969
12602,11701,434,151.114,-33.803,151.200,-33.945
12002,11702,352,151.168,-33.871,151.161,-33.910
12702,12405,498,150.869,-33.862,150.786,-33.784
12101,11504,19,151.187,-33.807,150.893,-33.621
11901,11901,12501,151.015,-33.928,151.015,-33.928
11504,12403,209,150.893,-33.621,150.679,-33.811
11501,12802,32,150.995,-33.731,151.044,-34.085
12404,11501,573,150.747,-33.624,150.995,-33.731
12403,12703,829,150.679,-33.811,150.931,-33.969
12403,12202,19,150.679,-33.811,151.279,-33.640
11701,12602,158,151.200,-33.945,151.114,-33.803
11902,12001,688,151.089,-33.924,151.115,-33.853
11602,11802,54,150.861,-33.699,151.242,-33.943
12702,12504,2453,150.869,-33.862,150.992,-33.797
12101,12502,171,151.187,-33.807,151.047,-33.793
11504,12701,12,150.893,-33.621,150.747,-33.947
12002,12001,522,151.168,-33.871,151.115,-33.853
12703,12301,227,150.931,-33.969,150.720,-34.055
12503,11501,899,150.974,-33.848,150.995,-33.731
12201,12101,786,151.270,-33.800,151.187,-33.807
11504,11603,436,150.893,-33.621,150.839,-33.775
11903,11602,13,151.078,-33.969,150.861,-33.699
11501,11801,161,150.995,-33.731,151.256,-33.882
11902,11702,1613,151.089,-33.924,151.161,-33.910
12403,11902,131,150.679,-33.811,151.089,-33.924
11904,12102,34,151.133,-33.960,151.150,-33.622
11902,12602,749,151.089,-33.924,151.114,-33.803
12501,12502,371,151.045,-33.855,151.047,-33.793
11701,12001,58,151.200,-33.945,151.115,-33.853
12703,12404,43,150.931,-33.969,150.747,-33.624
12202,12503,42,151.279,-33.640,150.974,-33.848
12802,12501,914,151.044,-34.085,151.045,-33.855
12503,12002,197,150.974,-33.848,151.168,-33.871
12302,12504,869,150.854,-34.078,150.992,-33.797
11501,11601,2627,150.995,-33.731,150.908,-33.769
12703,12503,1374,150.931,-33.969,150.974,-33.848
11504,12302,44,150.893,-33.621,150.854,-34.078
12202,12404,3,151.279,-33.640,150.747,-33.624
11602,11903,20,150.861,-33.699,151.078,-33.969
12601,12101,677,151.074,-33.754,151.187,-33.807
11504,12203,44,150.893,-33.621,151.230,-33.710
11701,11702,236,151.200,-33.945,151.161,-33.910
12501,11504,17,151.045,-33.855,150.893,-33.621
11504,11703,210,150.893,-33.621,151.200,-33.889
12404,12002,16,150.747,-33.624,151.168,-33.871
11801,12101,1111,151.256,-33.882,151.187,-33.807
11501,11502,1322,150.995,-33.731,151.015,-33.548
12002,12602,951,151.168,-33.871,151.114,-33.803
12502,12702,303,151.047,-33.793,150.869,-33.862
12302,12405,266,150.854,-34.078,150.786,-33.784
11902,12404,16,151.089,-33.924,150.747,-33.624
11903,11802,618,151.078,-33.969,151.242,-33.943
12502,12302,44,151.047,-33.793,150.854,-34.078
11801,12501,241,151.256,-33.882,151.045,-33.855
12703,12602,480,150.931,-33.969,151.114,-33.803
12404,11701,18,150.747,-33.624,151.200,-33.945
11703,12504,443,151.200,-33.889,150.992,-33.797
12203,12405,23,151.230,-33.710,150.786,-33.784
12602,11501,749,151.114,-33.803,150.995,-33.731
12202,12602,726,151.279,-33.640,151.114,-33.803
12601,12501,398,151.074,-33.754,151.045,-33.855
11902,12503,529,151.089,-33.924,150.974,-33.848
11901,12502,310,151.015,-33.928,151.047,-33.793
11504,12702,193,150.893,-33.621,150.869,-33.862
11802,11904,424,151.242,-33.943,151.133,-33.960
12502,11703,1093,151.047,-33.793,151.200,-33.889
12002,12503,158,151.168,-33.871,150.974,-33.848
11703,12405,17,151.200,-33.889,150.786,-33.784
11602,11602,2748,150.861,-33.699,150.861,-33.699
11901,11504,25,151.015,-33.928,150.893,-33.621
12101,11901,117,151.187,-33.807,151.015,-33.928
12502,12203,238,151.047,-33.793,151.230,-33.710
12002,12404,20,151.168,-33.871,150.747,-33.624
12802,12101,254,151.044,-34.085,151.187,-33.807
12203,12504,325,151.230,-33.710,150.992,-33.797
12503,11701,490,150.974,-33.848,151.200,-33.945
12001,12101,913,151.115,-33.853,151.187,-33.807
12302,11901,2398,150.854,-34.078,151.015,-33.928
12403,12302,426,150.679,-33.811,150.854,-34.078
11903,12104,311,151.078,-33.969,151.227,-33.831
11601,11501,2799,150.908,-33.769,150.995,-33.731
12504,11801,132,150.992,-33.797,151.256,-33.882
12104,11701,426,151.227,-33.831,151.200,-33.945
11702,12501,279,151.161,-33.910,151.045,-33.855
12003,12101,923,151.106,-33.886,151.187,-33.807
12403,12203,93,150.679,-33.811,151.230,-33.710
12405,12201,3,150.786,-33.784,151.270,-33.800
11602,12601,242,150.861,-33.699,151.074,-33.754
11603,12702,1161,150.839,-33.775,150.869,-33.862
12701,12702,3567,150.747,-33.947,150.869,-33.862
12504,12802,47,150.992,-33.797,151.044,-34.085
12403,11703,536,150.679,-33.811,151.200,-33.889
11703,11901,396,151.200,-33.889,151.015,-33.928
12405,11801,18,150.786,-33.784,151.256,-33.882
12801,11501,76,151.144,-34.036,150.995,-33.731
12701,12302,1271,150.747,-33.947,150.854,-34.078
11702,12101,361,151.161,-33.910,151.187,-33.807
12003,12501,1597,151.106,-33.886,151.045,-33.855
12103,11501,591,151.151,-33.735,150.995,-33.731
11603,12302,214,150.839,-33.775,150.854,-34.078
11502,11501,1353,151.015,-33.548,150.995,-33.731
12702,11504,48,150.869,-33.862,150.893,-33.621
11904,11904,5832,151.133,-33.960,151.133,-33.960
12101,12405,17,151.187,-33.807,150.786,-33.784
11603,12203,71,150.839,-33.775,151.230,-33.710
12405,12802,6,150.786,-33.784,151.044,-34.085
12701,11703,665,150.747,-33.947,151.200,-33.889
12104,12002,212,151.227,-33.831,151.168,-33.871
12403,12702,1652,150.679,-33.811,150.869,-33.862
12001,12501,1039,151.115,-33.853,151.045,-33.855
12702,12502,516,150.869,-33.862,151.047,-33.793
12504,12201,27,150.992,-33.797,151.270,-33.800
12101,12504,455,151.187,-33.807,150.992,-33.797
11903,12801,1351,151.078,-33.969,151.144,-34.036
11903,12103,64,151.078,-33.969,151.151,-33.735
12701,12203,29,150.747,-33.947,151.230,-33.710
11603,11703,511,150.839,-33.775,151.200,-33.889
12203,11901,158,151.230,-33.710,151.015,-33.928
12302,12502,167,150.854,-34.078,151.047,-33.793
11603,12403,1362,150.839,-33.775,150.679,-33.811
12502,12703,171,151.047,-33.793,150.931,-33.969
12405,11502,45,150.786,-33.784,151.015,-33.548
12104,11501,238,151.227,-33.831,150.995,-33.731
11602,12104,223,150.861,-33.699,151.227,-33.831
11601,11701,308,150.908,-33.769,151.200,-33.945
12502,12202,45,151.047,-33.793,151.279,-33.640
11802,12003,367,151.242,-33.943,151.106,-33.886
12301,12501,409,150.720,-34.055,151.045,-33.855
12501,12504,1006,151.045,-33.855,150.992,-33.797
12701,12403,334,150.747,-33.947,150.679,-33.811
12102,12101,1457,151.150,-33.622,151.187,-33.807
12502,11902,115,151.047,-33.793,151.089,-33.924
11603,11603,6868,150.839,-33.775,150.839,-33.775
12405,11601,1387,150.786,-33.784,150.908,-33.769
12801,12002,199,151.144,-34.036,151.168,-33.871
12302,11504,15,150.854,-34.078,150.893,-33.621
11603,12701,102,150.839,-33.775,150.747,-33.947
11903,12601,37,151.078,-33.969,151.074,-33.754
12701,12701,3111,150.747,-33.947,150.747,-33.947
12103,12002,153,151.151,-33.735,151.168,-33.871
12701,11603,785,150.747,-33.947,150.839,-33.775
11502,12002,23,151.015,-33.548,151.168,-33.871
12501,12405,82,151.045,-33.855,150.786,-33.784
12203,11504,17,151.230,-33.710,150.893,-33.621
12403,12403,16832,150.679,-33.811,150.679,-33.811
12103,11701,334,151.151,-33.735,151.200,-33.945
11901,12504,1352,151.015,-33.928,150.992,-33.797
11502,11701,55,151.015,-33.548,151.200,-33.945
11802,12102,24,151.242,-33.943,151.150,-33.622
12102,12501,409,151.150,-33.622,151.045,-33.855
11504,12202,9,150.893,-33.621,151.279,-33.640
11703,12502,193,151.200,-33.889,151.047,-33.793
11504,12703,63,150.893,-33.621,150.931,-33.969
12504,11502,158,150.992,-33.797,151.015,-33.548
12801,11701,3106,151.144,-34.036,151.200,-33.945
12702,11901,2791,150.869,-33.862,151.015,-33.928
12403,11603,3730,150.679,-33.811,150.839,-33.775
12301,12101,64,150.720,-34.055,151.187,-33.807
11901,12405,107,151.015,-33.928,150.786,-33.784
11602,12103,199,150.861,-33.699,151.151,-33.735
11602,12801,47,150.861,-33.699,151.144,-34.036
12203,12502,138,151.230,-33.710,151.047,-33.793
12403,12701,327,150.679,-33.811,150.747,-33.947
11504,11902,25,150.893,-33.621,151.089,-33.924
11601,12002,169,150.908,-33.769,151.168,-33.871
11703,11504,19,151.200,-33.889,150.893,-33.621
12504,11601,1903,150.992,-33.797,150.908,-33.769
12503,12101,487,150.974,-33.848,151.187,-33.807
12405,12404,201,150.786,-33.784,150.747,-33.624
12802,11701,2551,151.044,-34.085,151.200,-33.945
12201,11501,66,151.270,-33.800,150.995,-33.731
12203,12403,42,151.230,-33.710,150.679,-33.811
12403,11504,287,150.679,-33.811,150.893,-33.621
11703,12701,29,151.200,-33.889,150.747,-33.947
12101,12202,171,151.187,-33.807,151.279,-33.640
12504,12602,2341,150.992,-33.797,151.114,-33.803
12101,12703,97,151.187,-33.807,150.931,-33.969
11703,11603,117,151.200,-33.889,150.839,-33.775
12405,12503,828,150.786,-33.784,150.974,-33.848
12601,12002,58,151.074,-33.754,151.168,-33.871
12203,11603,99,151.230,-33.710,150.839,-33.775
12203,12701,8,151.230,-33.710,150.747,-33.947
12403,12502,346,150.679,-33.811,151.047,-33.793
11904,11602,7,151.133,-33.960,150.861,-33.699
11903,12102,32,151.078,-33.969,151.150,-33.622
12702,12702,14098,150.869,-33.862,150.869,-33.862
12404,12101,81,150.747,-33.624,151.187,-33.807
11801,12002,463,151.256,-33.882,151.168,-33.871
11703,12403,94,151.200,-33.889,150.679,-33.811
12101,11902,65,151.187,-33.807,151.089,-33.924
12405,12602,325,150.786,-33.784,151.114,-33.803
12504,12503,1970,150.992,-33.797,150.974,-33.848
11603,11504,229,150.839,-33.775,150.893,-33.621
12302,12701,995,150.854,-34.078,150.747,-33.947
12404,12501,178,150.747,-33.624,151.045,-33.855
11802,12601,26,151.242,-33.943,151.074,-33.754
12302,11603,777,150.854,-34.078,150.839,-33.775
11801,11701,1225,151.256,-33.882,151.200,-33.945
12702,12302,1221,150.869,-33.862,150.854,-34.078
12601,11701,109,151.074,-33.754,151.200,-33.945
12504,12404,90,150.992,-33.797,150.747,-33.624
12701,11504,15,150.747,-33.947,150.893,-33.621
12702,11703,1457,150.869,-33.862,151.200,-33.889
11603,12502,415,150.839,-33.775,151.047,-33.793
12302,12403,266,150.854,-34.078,150.679,-33.811
12503,12501,2769,150.974,-33.848,151.045,-33.855
12802,12002,224,151.044,-34.085,151.168,-33.871
12701,12502,188,150.747,-33.947,151.047,-33.793
11903,12003,1098,151.078,-33.969,151.106,-33.886
12702,12203,85,150.869,-33.862,151.230,-33.710
11904,11903,1655,151.133,-33.960,151.078,-33.969
11802,12103,79,151.242,-33.943,151.151,-33.735
11904,11802,1376,151.133,-33.960,151.242,-33.943
11901,11902,2250,151.015,-33.928,151.089,-33.924
12302,12203,55,150.854,-34.078,151.230,-33.710
11802,12801,240,151.242,-33.943,151.144,-34.036
11703,12702,127,151.200,-33.889,150.869,-33.862
12802,11501,165,151.044,-34.085,150.995,-33.731
12201,11701,142,151.270,-33.800,151.200,-33.945
12302,11703,995,150.854,-34.078,151.200,-33.889
11504,12405,145,150.893,-33.621,150.786,-33.784
12702,12403,492,150.869,-33.862,150.679,-33.811
12405,12001,183,150.786,-33.784,151.115,-33.853
11901,12703,1744,151.015,-33.928,150.931,-33.969
12203,12702,69,151.230,-33.710,150.869,-33.862
11602,12102,278,150.861,-33.699,151.150,-33.622
11901,12202,32,151.015,-33.928,151.279,-33.640
12504,12301,15,150.992,-33.797,150.720,-34.055
11504,12504,675,150.893,-33.621,150.992,-33.797
12405,11702,36,150.786,-33.784,151.161,-33.910
12702,12701,1008,150.869,-33.862,150.747,-33.947
12403,11901,555,150.679,-33.811,151.015,-33.928
12702,11603,1414,150.869,-33.862,150.839,-33.775
12602,12101,3054,151.114,-33.803,151.187,-33.807
12302,12302,17133,150.854,-34.078,150.854,-34.078
12601,11501,770,151.074,-33.754,150.995,-33.731
12502,12405,75,151.047,-33.793,150.786,-33.784
11703,11703,9941,151.200,-33.889,151.200,-33.889
12504,12001,621,150.992,-33.797,151.115,-33.853
12302,12702,1802,150.854,-34.078,150.869,-33.862
12602,12501,1294,151.114,-33.803,151.045,-33.855
12203,12302,33,151.230,-33.710,150.854,-34.078
11801,11501,138,151.256,-33.882,150.995,-33.731
12501,11902,344,151.045,-33.855,151.089,-33.924
11703,12203,355,151.200,-33.889,151.230,-33.710
12701,11901,1410,150.747,-33.947,151.015,-33.928
12203,12203,18664,151.230,-33.710,151.230,-33.710
12201,12002,59,151.270,-33.800,151.168,-33.871
11703,12302,111,151.200,-33.889,150.854,-34.078
11602,12003,379,150.861,-33.699,151.106,-33.886
12502,12504,1952,151.047,-33.793,150.992,-33.797
12504,11702,172,150.992,-33.797,151.161,-33.910
12405,12301,46,150.786,-33.784,150.720,-34.055
11802,12104,796,151.242,-33.943,151.227,-33.831
12501,12202,43,151.045,-33.855,151.279,-33.640
11603,11901,553,150.839,-33.775,151.015,-33.928
12203,11703,3771,151.230,-33.710,151.200,-33.889
12501,12703,320,151.045,-33.855,150.931,-33.969
12703,12502,222,150.931,-33.969,151.047,-33.793
12501,12404,25,151.045,-33.855,150.747,-33.624
12101,12301,6,151.187,-33.807,150.720,-34.055
11504,12201,3,150.893,-33.621,151.270,-33.800
11701,11901,147,151.200,-33.945,151.015,-33.928
12102,11904,12,151.150,-33.622,151.133,-33.960
11901,12602,1021,151.015,-33.928,151.114,-33.803
12502,12802,30,151.047,-33.793,151.044,-34.085
12501,12503,927,151.045,-33.855,150.974,-33.848
12202,12502,44,151.279,-33.640,151.047,-33.793
12801,12601,15,151.144,-34.036,151.074,-33.754
12104,12801,55,151.227,-33.831,151.144,-34.036
12104,12103,466,151.227,-33.831,151.151,-33.735
12703,11504,10,150.931,-33.969,150.893,-33.621
12601,12102,570,151.074,-33.754,151.150,-33.622
12602,11903,96,151.114,-33.803,151.078,-33.969
12202,11504,6,151.279,-33.640,150.893,-33.621
11502,12601,174,151.015,-33.548,151.074,-33.754
11801,12102,54,151.256,-33.882,151.150,-33.622
11903,12002,272,151.078,-33.969,151.168,-33.871
12103,12601,225,151.151,-33.735,151.074,-33.754
12502,11801,70,151.047,-33.793,151.256,-33.882
12802,12003,694,151.044,-34.085,151.106,-33.886
11504,12802,3,150.893,-33.621,151.044,-34.085
12501,12602,952,151.045,-33.855,151.114,-33.803
11602,11501,3734,150.861,-33.699,150.995,-33.731
11901,12503,1733,151.015,-33.928,150.974,-33.848
11902,12502,143,151.089,-33.924,151.047,-33.793
12104,12104,4530,151.227,-33.831,151.227,-33.831
12404,11802,3,150.747,-33.624,151.242,-33.943
12301,11904,93,150.720,-34.055,151.133,-33.960
11903,11701,2381,151.078,-33.969,151.200,-33.945
12502,12201,21,151.047,-33.793,151.270,-33.800
12101,11702,148,151.187,-33.807,151.161,-33.910
11901,12404,34,151.015,-33.928,150.747,-33.624
11501,12403,429,150.995,-33.731,150.679,-33.811
11504,11801,16,150.893,-33.621,151.256,-33.882
12601,12003,210,151.074,-33.754,151.106,-33.886
12002,12502,141,151.168,-33.871,151.047,-33.793
11601,12601,197,150.908,-33.769,151.074,-33.754
11501,12701,57,150.995,-33.731,150.747,-33.947
12503,11802,119,150.974,-33.848,151.242,-33.943
11801,12003,349,151.256,-33.882,151.106,-33.886
12101,12001,416,151.187,-33.807,151.115,-33.853
12802,12102,23,151.044,-34.085,151.150,-33.622
12602,11602,72,151.114,-33.803,150.861,-33.699
11501,11603,1020,150.995,-33.731,150.839,-33.775
11904,12501,682,151.133,-33.960,151.045,-33.855
12504,11902,223,150.992,-33.797,151.089,-33.924
11504,11601,732,150.893,-33.621,150.908,-33.769
12801,12104,321,151.144,-34.036,151.227,-33.831
11501,12302,178,150.995,-33.731,150.854,-34.078
12202,11901,36,151.279,-33.640,151.015,-33.928
12503,11903,156,150.974,-33.848,151.078,-33.969
12003,11904,474,151.106,-33.886,151.133,-33.960
12703,11901,2766,150.931,-33.969,151.015,-33.928
11502,12104,136,151.015,-33.548,151.227,-33.831
12103,12104,1752,151.151,-33.735,151.227,-33.831
12501,12001,647,151.045,-33.855,151.115,-33.853
11701,12502,9,151.200,-33.945,151.047,-33.793
11501,11703,2101,150.995,-33.731,151.200,-33.889
12504,12703,527,150.992,-33.797,150.931,-33.969
11602,12002,90,150.861,-33.699,151.168,-33.871
12101,12602,2064,151.187,-33.807,151.114,-33.803
11504,11502,324,150.893,-33.621,151.015,-33.548
12201,12003,42,151.270,-33.800,151.106,-33.886
12504,12202,48,150.992,-33.797,151.279,-33.640
12001,11904,133,151.115,-33.853,151.133,-33.960
11701,11504,14,151.200,-33.945,150.893,-33.621
12501,11702,213,151.045,-33.855,151.161,-33.910
11601,12801,49,150.908,-33.769,151.144,-34.036
12404,11903,6,150.747,-33.624,151.078,-33.969
11901,12301,95,151.015,-33.928,150.720,-34.055
11601,12103,161,150.908,-33.769,151.151,-33.735
11501,12203,417,150.995,-33.731,151.230,-33.710
12503,11602,108,150.974,-33.848,150.861,-33.699
11901,12001,704,151.015,-33.928,151.115,-33.853
12602,11802,230,151.114,-33.803,151.242,-33.943
11602,11701,238,150.861,-33.699,151.200,-33.945
11601,12104,231,150.908,-33.769,151.227,-33.831
11902,11901,2547,151.089,-33.924,151.015,-33.928
12405,11902,39,150.786,-33.784,151.089,-33.924
11903,11501,183,151.078,-33.969,150.995,-33.731
12502,11601,465,151.047,-33.793,150.908,-33.769
12002,11901,179,151.168,-33.871,151.015,-33.928
12104,12601,74,151.227,-33.831,151.074,-33.754
12801,12801,12229,151.144,-34.036,151.144,-34.036
12101,12404,35,151.187,-33.807,150.747,-33.624
12501,12301,15,151.045,-33.855,150.720,-34.055
12201,12102,67,151.270,-33.800,151.150,-33.622
12801,12103,45,151.144,-34.036,151.151,-33.735
11901,11702,626,151.015,-33.928,151.161,-33.910
11904,12101,484,151.133,-33.960,151.187,-33.807
11501,12702,773,150.995,-33.731,150.869,-33.862
12103,12103,6069,151.151,-33.735,151.151,-33.735
12405,12202,9,150.786,-33.784,151.279,-33.640
11502,12801,9,151.015,-33.548,151.144,-34.036
12103,12801,23,151.151,-33.735,151.144,-34.036
12404,11602,470,150.747,-33.624,150.861,-33.699
11502,12103,256,151.015,-33.548,151.151,-33.735
12405,12703,353,150.786,-33.784,150.931,-33.969
12101,12503,180,151.187,-33.807,150.974,-33.848
12502,11502,80,151.047,-33.793,151.015,-33.548
11702,11904,240,151.161,-33.910,151.133,-33.960
11902,12702,386,151.089,-33.924,150.869,-33.862
12703,12203,42,150.931,-33.969,151.230,-33.710
12202,11703,1216,151.279,-33.640,151.200,-33.889
12601,12104,262,151.074,-33.754,151.227,-33.831
12602,11904,117,151.114,-33.803,151.133,-33.960
11801,12104,1191,151.256,-33.882,151.227,-33.831
12703,11703,1161,150.931,-33.969,151.200,-33.889
12202,12203,4206,151.279,-33.640,151.230,-33.710
11901,11801,231,151.015,-33.928,151.256,-33.882
12202,12302,6,151.279,-33.640,150.854,-34.078
12301,11602,15,150.720,-34.055,150.861,-33.699
11504,12404,738,150.893,-33.621,150.747,-33.624
11702,11802,428,151.161,-33.910,151.242,-33.943
11802,11501,135,151.242,-33.943,150.995,-33.731
11501,11901,595,150.995,-33.731,151.015,-33.928
12104,12003,144,151.227,-33.831,151.106,-33.886
12501,12201,9,151.045,-33.855,151.270,-33.800
12102,11903,16,151.150,-33.622,151.078,-33.969
12802,12103,41,151.044,-34.085,151.151,-33.735
12002,12702,84,151.168,-33.871,150.869,-33.862
12502,12602,2949,151.047,-33.793,151.114,-33.803
11901,12802,542,151.015,-33.928,151.044,-34.085
11504,12503,221,150.893,-33.621,150.974,-33.848
12703,12302,1762,150.931,-33.969,150.854,-34.078
12802,12801,6130,151.044,-34.085,151.144,-34.036
12101,11601,116,151.187,-33.807,150.908,-33.769
12501,11801,103,151.045,-33.855,151.256,-33.882
12703,12702,2019,150.931,-33.969,150.869,-33.862
12002,12302,31,151.168,-33.871,150.854,-34.078
11902,12203,113,151.089,-33.924,151.230,-33.710
11902,11703,3644,151.089,-33.924,151.200,-33.889
12003,11802,559,151.106,-33.886,151.242,-33.943
11701,11603,19,151.200,-33.945,150.839,-33.775
12202,12702,44,151.279,-33.640,150.869,-33.862
11701,12701,3,151.200,-33.945,150.747,-33.947
12802,12104,232,151.044,-34.085,151.227,-33.831
12102,11602,22,151.150,-33.622,150.861,-33.699
12601,12103,443,151.074,-33.754,151.151,-33.735
11504,12602,440,150.893,-33.621,151.114,-33.803
12101,11502,30,151.187,-33.807,151.015,-33.548
12502,12503,568,151.047,-33.793,150.974,-33.848
12002,11703,3751,151.168,-33.871,151.200,-33.889
12501,12802,35,151.045,-33.855,151.044,-34.085
12104,12102,146,151.227,-33.831,151.150,-33.622
12601,12801,12,151.074,-33.754,151.144,-34.036
12301,11903,117,150.720,-34.055,151.078,-33.969
12201,12601,26,151.270,-33.800,151.074,-33.754
11901,12201,28,151.015,-33.928,151.270,-33.800
12001,11802,200,151.115,-33.853,151.242,-33.943
11801,12801,144,151.256,-33.882,151.144,-34.036
11701,12403,12,151.200,-33.945,150.679,-33.811
12002,12203,161,151.168,-33.871,151.230,-33.710
12502,12404,50,151.047,-33.793,150.747,-33.624
11902,12302,252,151.089,-33.924,150.854,-34.078
11801,12103,184,151.256,-33.882,151.151,-33.735
11902,12701,58,151.089,-33.924,150.747,-33.947
12501,11502,18,151.045,-33.855,151.015,-33.548
12101,12802,7,151.187,-33.807,151.044,-34.085
11701,11703,2413,151.200,-33.945,151.200,-33.889
11902,11603,170,151.089,-33.924,150.839,-33.775
12001,11903,142,151.115,-33.853,151.078,-33.969
11702,11602,4,151.161,-33.910,150.861,-33.699
12301,11802,65,150.720,-34.055,151.242,-33.943
11701,12203,39,151.200,-33.945,151.230,-33.710
12502,12301,12,151.047,-33.793,150.720,-34.055
11504,11702,35,150.893,-33.621,151.161,-33.910
12404,11904,10,150.747,-33.624,151.133,-33.960
12405,12504,1430,150.786,-33.784,150.992,-33.797
11501,11504,563,150.995,-33.731,150.893,-33.621
12002,12403,38,151.168,-33.871,150.679,-33.811
12101,11801,376,151.187,-33.807,151.256,-33.882
11701,12302,22,151.200,-33.945,150.854,-34.078
12501,11601,317,151.045,-33.855,150.908,-33.769
12801,12102,29,151.144,-34.036,151.150,-33.622
12201,12103,180,151.270,-33.800,151.151,-33.735
12601,12601,1370,151.074,-33.754,151.074,-33.754
12201,12801,7,151.270,-33.800,151.144,-34.036
11902,12403,70,151.089,-33.924,150.679,-33.811
12503,11904,179,150.974,-33.848,151.133,-33.960
12003,11903,373,151.106,-33.886,151.078,-33.969
11801,12601,23,151.256,-33.882,151.074,-33.754
11501,12502,1280,150.995,-33.731,151.047,-33.793
11601,12003,794,150.908,-33.769,151.106,-33.886
11502,12102,420,151.015,-33.548,151.150,-33.622
11802,11701,3890,151.242,-33.943,151.200,-33.945
12103,12102,1568,151.151,-33.735,151.150,-33.622
12405,12405,2824,150.786,-33.784,150.786,-33.784
12002,11603,99,151.168,-33.871,150.839,-33.775
11504,12001,78,150.893,-33.621,151.115,-33.853
11802,12002,335,151.242,-33.943,151.168,-33.871
12001,11602,22,151.115,-33.853,150.861,-33.699
12703,12701,834,150.931,-33.969,150.747,-33.947
12201,12104,1161,151.270,-33.800,151.227,-33.831
12703,11603,539,150.931,-33.969,150.839,-33.775
12502,11702,104,151.047,-33.793,151.161,-33.910
11504,12301,10,150.893,-33.621,150.720,-34.055
12504,12504,7534,150.992,-33.797,150.992,-33.797
12101,12201,144,151.187,-33.807,151.270,-33.800
12102,11802,85,151.150,-33.622,151.242,-33.943
12202,11603,63,151.279,-33.640,150.839,-33.775
11701,12702,48,151.200,-33.945,150.869,-33.862
11702,11903,123,151.161,-33.910,151.078,-33.969
11901,11502,37,151.015,-33.928,151.015,-33.548
12504,12405,240,150.992,-33.797,150.786,-33.784
12003,11602,24,151.106,-33.886,150.861,-33.699
12801,12003,547,151.144,-34.036,151.106,-33.886
12502,12001,454,151.047,-33.793,151.115,-33.853
12703,12403,174,150.931,-33.969,150.679,-33.811
12202,12403,16,151.279,-33.640,150.679,-33.811
11601,12102,222,150.908,-33.769,151.150,-33.622
11502,12003,95,151.015,-33.548,151.106,-33.886
12103,12003,343,151.151,-33.735,151.106,-33.886
12802,12601,40,151.044,-34.085,151.074,-33.754
11901,11601,394,151.015,-33.928,150.908,-33.769
11603,12301,42,150.839,-33.775,150.720,-34.055
12002,12202,10,151.168,-33.871,151.279,-33.640
12001,12601,94,151.115,-33.853,151.074,-33.754
12102,12104,503,151.150,-33.622,151.227,-33.831
12203,12802,29,151.230,-33.710,151.044,-34.085
12002,12703,67,151.168,-33.871,150.931,-33.969
11904,11701,4359,151.133,-33.960,151.200,-33.945
12405,11901,341,150.786,-33.784,151.015,-33.928
11703,11801,1540,151.200,-33.889,151.256,-33.882
11902,11902,4989,151.089,-33.924,151.089,-33.924
12403,11702,58,150.679,-33.811,151.161,-33.910
12701,12301,602,150.747,-33.947,150.720,-34.055
12201,11802,36,151.270,-33.800,151.242,-33.943
12003,12601,90,151.106,-33.886,151.074,-33.754
12601,11903,13,151.074,-33.754,151.078,-33.969
12301,12801,73,150.720,-34.055,151.144,-34.036
12301,12103,30,150.720,-34.055,151.151,-33.735
12203,11801,307,151.230,-33.710,151.256,-33.882
11602,12101,499,150.861,-33.699,151.187,-33.807
12002,11902,114,151.168,-33.871,151.089,-33.924
12302,12201,6,150.854,-34.078,151.270,-33.800
12403,12001,283,150.679,-33.811,151.115,-33.853
11703,12802,67,151.200,-33.889,151.044,-34.085
11902,12202,53,151.089,-33.924,151.279,-33.640
12602,12102,407,151.114,-33.803,151.150,-33.622
12802,11602,16,151.044,-34.085,150.861,-33.699
11902,12703,512,151.089,-33.924,150.931,-33.969
11801,11903,105,151.256,-33.882,151.078,-33.969
12302,11801,68,150.854,-34.078,151.256,-33.882
12202,11902,18,151.279,-33.640,151.089,-33.924
12403,12301,243,150.679,-33.811,150.720,-34.055
12203,12201,2799,151.230,-33.710,151.270,-33.800
12701,11702,110,150.747,-33.947,151.161,-33.910
12301,12104,28,150.720,-34.055,151.227,-33.831
12504,11901,768,150.992,-33.797,151.015,-33.928
12104,11904,73,151.227,-33.831,151.133,-33.960
12702,11601,1109,150.869,-33.862,150.908,-33.769
11702,12601,24,151.161,-33.910,151.074,-33.754
11603,11702,51,150.839,-33.775,151.161,-33.910
12703,11902,602,150.931,-33.969,151.089,-33.924
11602,12501,948,150.861,-33.699,151.045,-33.855
12202,12703,24,151.279,-33.640,150.931,-33.969
12302,12802,198,150.854,-34.078,151.044,-34.085
12102,12801,18,151.150,-33.622,151.144,-34.036
12102,12103,2502,151.150,-33.622,151.151,-33.735
12601,11602,35,151.074,-33.754,150.861,-33.699
12701,12001,191,150.747,-33.947,151.115,-33.853
12202,12202,6861,151.279,-33.640,151.279,-33.640
11603,12001,330,150.839,-33.775,151.115,-33.853
12702,11502,78,150.869,-33.862,151.015,-33.548
12703,12202,12,150.931,-33.969,151.279,-33.640
11801,11602,9,151.256,-33.882,150.861,-33.699
12802,11903,1752,151.044,-34.085,151.078,-33.969
11703,12201,94,151.200,-33.889,151.270,-33.800
12602,12003,1087,151.114,-33.803,151.106,-33.886
11904,12002,398,151.133,-33.960,151.168,-33.871
12703,12703,8561,150.931,-33.969,150.931,-33.969
12302,11502,7,150.854,-34.078,151.015,-33.548
12503,12102,100,150.974,-33.848,151.150,-33.622
12405,12502,202,150.786,-33.784,151.047,-33.793
12003,12104,521,151.106,-33.886,151.227,-33.831
11501,12405,291,150.995,-33.731,150.786,-33.784
12802,11802,437,151.044,-34.085,151.242,-33.943
12801,11904,2298,151.144,-34.036,151.133,-33.960
12103,11904,31,151.151,-33.735,151.133,-33.960
12702,12802,75,150.869,-33.862,151.044,-34.085
11702,12801,106,151.161,-33.910,151.144,-34.036
11702,12103,55,151.161,-33.910,151.151,-33.735
11904,11501,100,151.133,-33.960,150.995,-33.731
11502,11904,12,151.015,-33.548,151.133,-33.960
12302,11601,491,150.854,-34.078,150.908,-33.769
12102,12601,432,151.150,-33.622,151.074,-33.754
11501,12504,4877,150.995,-33.731,150.992,-33.797
12001,12104,695,151.115,-33.853,151.227,-33.831
12405,11504,104,150.786,-33.784,150.893,-33.621
12201,11602,7,151.270,-33.800,150.861,-33.699
12403,12404,1383,150.679,-33.811,150.747,-33.624
11603,12602,606,150.839,-33.775,151.114,-33.803
11903,12101,309,151.078,-33.969,151.187,-33.807
12702,11801,151,150.869,-33.862,151.256,-33.882
12403,12503,1511,150.679,-33.811,150.974,-33.848
12701,12602,354,150.747,-33.947,151.114,-33.803
12404,12102,50,150.747,-33.624,151.150,-33.622
11801,11802,1725,151.256,-33.882,151.242,-33.943
11701,11902,80,151.200,-33.945,151.089,-33.924
11903,12501,785,151.078,-33.969,151.045,-33.855
12503,12003,1293,150.974,-33.848,151.106,-33.886
12001,12801,60,151.115,-33.853,151.144,-34.036
12001,12103,194,151.115,-33.853,151.151,-33.735
12203,11601,104,151.230,-33.710,150.908,-33.769
11703,11502,27,151.200,-33.889,151.015,-33.548
12601,11802,86,151.074,-33.754,151.242,-33.943
12504,12502,1227,150.992,-33.797,151.047,-33.793
11601,11904,86,150.908,-33.769,151.133,-33.960
12702,12201,9,150.869,-33.862,151.270,-33.800
12201,11903,10,151.270,-33.800,151.078,-33.969
12301,12601,9,150.720,-34.055,151.074,-33.754
11701,12703,71,151.200,-33.945,150.931,-33.969
12003,12801,154,151.106,-33.886,151.144,-34.036
12003,12103,219,151.106,-33.886,151.151,-33.735
12701,12503,1533,150.747,-33.947,150.974,-33.848
11603,12404,471,150.839,-33.775,150.747,-33.624
11701,12202,7,151.200,-33.945,151.279,-33.640
12403,12602,593,150.679,-33.811,151.114,-33.803
12203,11502,36,151.230,-33.710,151.015,-33.548
11603,12503,1360,150.839,-33.775,150.974,-33.848
12504,11504,139,150.992,-33.797,150.893,-33.621
11702,12104,289,151.161,-33.910,151.227,-33.831
11703,11601,138,151.200,-33.889,150.908,-33.769
12701,12404,50,150.747,-33.947,150.747,-33.624
12404,12003,77,150.747,-33.624,151.106,-33.886
11601,11802,105,150.908,-33.769,151.242,-33.943
12503,12601,122,150.974,-33.848,151.074,-33.754
12601,11904,39,151.074,-33.754,151.133,-33.960
12302,12404,39,150.854,-34.078,150.747,-33.624
12403,11601,2239,150.679,-33.811,150.908,-33.769
12202,12504,177,151.279,-33.640,150.992,-33.797
12703,12504,1043,150.931,-33.969,150.992,-33.797
11703,12602,1233,151.200,-33.889,151.114,-33.803
12504,11603,962,150.992,-33.797,150.839,-33.775
12702,12301,267,150.869,-33.862,150.720,-34.055
12602,12104,1213,151.114,-33.803,151.227,-33.831
12302,12503,1511,150.854,-34.078,150.974,-33.848
12504,12701,85,150.992,-33.797,150.747,-33.947
11801,11904,248,151.256,-33.882,151.133,-33.960
12104,11602,7,151.227,-33.831,150.861,-33.699
12202,12405,9,151.279,-33.640,150.786,-33.784
12102,12102,6398,151.150,-33.622,151.150,-33.622
12301,12003,227,150.720,-34.055,151.106,-33.886
12403,11502,59,150.679,-33.811,151.015,-33.548
12203,12602,1882,151.230,-33.710,151.114,-33.803
12504,12403,438,150.992,-33.797,150.679,-33.811
11802,12501,393,151.242,-33.943,151.045,-33.855
12404,12601,31,150.747,-33.624,151.074,-33.754
12703,12405,217,150.931,-33.969,150.786,-33.784
12405,12701,135,150.786,-33.784,150.747,-33.947
12702,11702,242,150.869,-33.862,151.161,-33.910
11502,11802,31,151.015,-33.548,151.242,-33.943
12302,12602,362,150.854,-34.078,151.114,-33.803
11603,11601,2999,150.839,-33.775,150.908,-33.769
11802,12101,897,151.242,-33.943,151.187,-33.807
12103,11802,223,151.151,-33.735,151.242,-33.943
12405,11603,2838,150.786,-33.784,150.839,-33.775
12002,12405,11,151.168,-33.871,150.786,-33.784
11703,12503,189,151.200,-33.889,150.974,-33.848
12801,11802,724,151.144,-34.036,151.242,-33.943
12701,11601,439,150.747,-33.947,150.908,-33.769
11703,12404,22,151.200,-33.889,150.747,-33.624
12802,11904,1984,151.044,-34.085,151.133,-33.960
11902,12504,598,151.089,-33.924,150.992,-33.797
12002,12504,446,151.168,-33.871,150.992,-33.797
12102,12003,211,151.150,-33.622,151.106,-33.886
12301,12102,6,150.720,-34.055,151.150,-33.622
11603,11502,65,150.839,-33.775,151.015,-33.548
12702,12001,458,150.869,-33.862,151.115,-33.853
12203,12404,6,151.230,-33.710,150.747,-33.624
12405,12403,2039,150.786,-33.784,150.679,-33.811
12104,11903,19,151.227,-33.831,151.078,-33.969
12701,11502,18,150.747,-33.947,151.015,-33.548
12203,12503,146,151.230,-33.710,150.974,-33.848
12602,12103,790,151.114,-33.803,151.151,-33.735
12602,12801,40,151.114,-33.803,151.144,-34.036
11902,12405,49,151.089,-33.924,150.786,-33.784
12403,12201,17,150.679,-33.811,151.270,-33.800
12001,12102,86,151.115,-33.853,151.150,-33.622
11603,12802,14,150.839,-33.775,151.044,-34.085
11701,12504,61,151.200,-33.945,150.992,-33.797
12405,12203,22,150.786,-33.784,151.230,-33.710
12405,11703,300,150.786,-33.784,151.200,-33.889
12104,11802,284,151.227,-33.831,151.242,-33.943
11702,12003,560,151.161,-33.910,151.106,-33.886
12701,12802,76,150.747,-33.947,151.044,-34.085
12302,12001,193,150.854,-34.078,151.115,-33.853
12504,12702,1044,150.992,-33.797,150.869,-33.862
12404,12104,23,150.747,-33.624,151.227,-33.831
11701,12405,6,151.200,-33.945,150.786,-33.784
12503,12104,166,150.974,-33.848,151.227,-33.831
12003,12102,91,151.106,-33.886,151.150,-33.622
11603,11801,52,150.839,-33.775,151.256,-33.882
12801,11903,1519,151.144,-34.036,151.078,-33.969
12302,11702,231,150.854,-34.078,151.161,-33.910
12103,11903,23,151.151,-33.735,151.078,-33.969
12701,11801,43,150.747,-33.947,151.256,-33.882
11601,11602,719,150.908,-33.769,150.861,-33.699
12702,12602,909,150.869,-33.862,151.114,-33.803
12405,12302,170,150.786,-33.784,150.854,-34.078
12602,12601,553,151.114,-33.803,151.074,-33.754
11502,11903,9,151.015,-33.548,151.078,-33.969
11703,12301,17,151.200,-33.889,150.720,-34.055
12405,12702,989,150.786,-33.784,150.869,-33.862
12201,11904,13,151.270,-33.800,151.133,-33.960
11501,12202,80,150.995,-33.731,151.279,-33.640
11603,12201,3,150.839,-33.775,151.270,-33.800
12001,12003,2011,151.115,-33.853,151.106,-33.886
12503,12801,100,150.974,-33.848,151.144,-34.036
12504,11703,1299,150.992,-33.797,151.200,-33.889
12503,12103,99,150.974,-33.848,151.151,-33.735
11501,12703,357,150.995,-33.731,150.931,-33.969
12403,12802,31,150.679,-33.811,151.044,-34.085
11703,12001,390,151.200,-33.889,151.115,-33.853
12504,12203,308,150.992,-33.797,151.230,-33.710
11702,12102,13,151.161,-33.910,151.150,-33.622
12203,11702,133,151.230,-33.710,151.161,-33.910
12701,12201,17,150.747,-33.947,151.270,-33.800
12801,11602,13,151.144,-34.036,150.861,-33.699
12504,12302,222,150.992,-33.797,150.854,-34.078
11703,11702,617,151.200,-33.889,151.161,-33.910
12003,12003,6256,151.106,-33.886,151.106,-33.886
12702,12503,4499,150.869,-33.862,150.974,-33.848
11501,11902,151,150.995,-33.731,151.089,-33.924
12302,12301,2521,150.854,-34.078,150.720,-34.055
12403,11801,27,150.679,-33.811,151.256,-33.882
11502,11602,140,151.015,-33.548,150.861,-33.699
12404,12103,18,150.747,-33.624,151.151,-33.735
12702,12404,114,150.869,-33.862,150.747,-33.624
12203,12001,223,151.230,-33.710,151.115,-33.853
11601,11903,54,150.908,-33.769,151.078,-33.969
12103,11602,28,151.151,-33.735,150.861,-33.699
12404,12801,10,150.747,-33.624,151.144,-34.036
12104,11504,17,151.227,-33.831,150.893,-33.621
12703,12103,37,150.931,-33.969,151.151,-33.735
12703,12801,267,150.931,-33.969,151.144,-34.036
12802,12302,394,151.044,-34.085,150.854,-34.078
12102,12703,80,151.150,-33.622,150.931,-33.969
12202,12801,12,151.279,-33.640,151.144,-34.036
12002,12104,691,151.168,-33.871,151.227,-33.831
12202,12103,539,151.279,-33.640,151.151,-33.735
11504,12501,347,150.893,-33.621,151.045,-33.855
12102,12202,249,151.150,-33.622,151.279,-33.640
11904,11601,117,151.133,-33.960,150.908,-33.769
12601,12702,119,151.074,-33.754,150.869,-33.862
12802,11703,2429,151.044,-34.085,151.200,-33.889
12302,11501,260,150.854,-34.078,150.995,-33.731
11601,11901,599,150.908,-33.769,151.015,-33.928
11902,12104,309,151.089,-33.924,151.227,-33.831
12104,12502,114,151.227,-33.831,151.047,-33.793
12102,11902,44,151.150,-33.622,151.089,-33.924
12502,12101,902,151.047,-33.793,151.187,-33.807
12702,12002,145,150.869,-33.862,151.168,-33.871
11801,12702,79,151.256,-33.882,150.869,-33.862
11904,11502,16,151.133,-33.960,151.015,-33.548
12802,12203,60,151.044,-34.085,151.230,-33.710
12702,11701,620,150.869,-33.862,151.200,-33.945
11902,12103,119,151.089,-33.924,151.151,-33.735
11801,12302,70,151.256,-33.882,150.854,-34.078
12502,12501,1199,151.047,-33.793,151.045,-33.855
12203,11501,290,151.230,-33.710,150.995,-33.731
12201,12403,7,151.270,-33.800,150.679,-33.811
12602,12405,84,151.114,-33.803,150.786,-33.784
11902,12801,400,151.089,-33.924,151.144,-34.036
12301,12703,1817,150.720,-34.055,150.931,-33.969
11701,12601,3,151.200,-33.945,151.074,-33.754
12601,12302,35,151.074,-33.754,150.854,-34.078
12301,12202,3,150.720,-34.055,151.279,-33.640
12103,11901,169,151.151,-33.735,151.015,-33.928
12602,12504,1461,151.114,-33.803,150.992,-33.797
11801,11703,9845,151.256,-33.882,151.200,-33.889
12201,11603,18,151.270,-33.800,150.839,-33.775
12703,12104,140,150.931,-33.969,151.227,-33.831
11504,12101,130,150.893,-33.621,151.187,-33.807
12601,12203,174,151.074,-33.754,151.230,-33.710
11502,11901,88,151.015,-33.548,151.015,-33.928
12601,11703,827,151.074,-33.754,151.200,-33.889
12802,12702,342,151.044,-34.085,150.869,-33.862
12301,11902,154,150.720,-34.055,151.089,-33.924
11703,11501,253,151.200,-33.889,150.995,-33.731
11801,12203,254,151.256,-33.882,151.230,-33.710
12202,12104,773,151.279,-33.640,151.227,-33.831
12002,12103,99,151.168,-33.871,151.151,-33.735
12002,12801,50,151.168,-33.871,151.144,-34.036
12801,11901,1029,151.144,-34.036,151.015,-33.928
11902,12601,49,151.089,-33.924,151.074,-33.754
12601,12403,77,151.074,-33.754,150.679,-33.811
11601,11504,395,150.908,-33.769,150.893,-33.621
11904,12201,34,151.133,-33.960,151.270,-33.800
12003,12703,470,151.106,-33.886,150.931,-33.969
11703,12002,686,151.200,-33.889,151.168,-33.871
12001,11902,328,151.115,-33.853,151.089,-33.924
11701,12801,110,151.200,-33.945,151.144,-34.036
11801,12403,18,151.256,-33.882,150.679,-33.811
11701,12103,25,151.200,-33.945,151.151,-33.735
12201,12302,9,151.270,-33.800,150.854,-34.078
12003,12202,38,151.106,-33.886,151.279,-33.640
12601,12701,9,151.074,-33.754,150.747,-33.947
12203,12002,241,151.230,-33.710,151.168,-33.871
12201,12203,2018,151.270,-33.800,151.230,-33.710
12601,11603,119,151.074,-33.754,150.839,-33.775
12302,11701,936,150.854,-34.078,151.200,-33.945
12001,12703,203,151.115,-33.853,150.931,-33.969
12003,11902,1239,151.106,-33.886,151.089,-33.924
12201,11703,1417,151.270,-33.800,151.200,-33.889
11801,11603,38,151.256,-33.882,150.839,-33.775
11801,12701,9,151.256,-33.882,150.747,-33.947
12002,12601,80,151.168,-33.871,151.074,-33.754
11501,12003,852,150.995,-33.731,151.106,-33.886
11601,12502,834,150.908,-33.769,151.047,-33.793
12504,11904,132,150.992,-33.797,151.133,-33.960
12001,12202,30,151.115,-33.853,151.279,-33.640
12104,11901,131,151.227,-33.831,151.015,-33.928
12801,11504,9,151.144,-34.036,150.893,-33.621
11702,11902,206,151.161,-33.910,151.089,-33.924
12302,12002,76,150.854,-34.078,151.168,-33.871
12404,12405,231,150.747,-33.624,150.786,-33.784
12703,12601,35,150.931,-33.969,151.074,-33.754
12202,12601,31,151.279,-33.640,151.074,-33.754
11502,11504,196,151.015,-33.548,150.893,-33.621
12702,11501,597,150.869,-33.862,150.995,-33.731
11904,12802,412,151.133,-33.960,151.044,-34.085
12103,11504,15,151.151,-33.735,150.893,-33.621
12802,12403,50,151.044,-34.085,150.679,-33.811
12203,11701,638,151.230,-33.710,151.200,-33.945
12503,12504,4301,150.974,-33.848,150.992,-33.797
11702,12703,120,151.161,-33.910,150.931,-33.969
12201,12702,17,151.270,-33.800,150.869,-33.862
12405,11904,15,150.786,-33.784,151.133,-33.960
12404,12504,412,150.747,-33.624,150.992,-33.797
11703,11701,1717,151.200,-33.889,151.200,-33.945
12801,12502,99,151.144,-34.036,151.047,-33.793
11702,12202,21,151.161,-33.910,151.279,-33.640
12103,12502,214,151.151,-33.735,151.047,-33.793
12802,12701,93,151.044,-34.085,150.747,-33.947
12503,12405,275,150.974,-33.848,150.786,-33.784
11701,12104,178,151.200,-33.945,151.227,-33.831
11501,12102,1254,150.995,-33.731,151.150,-33.622
12802,11603,198,151.044,-34.085,150.839,-33.775
11904,11801,739,151.133,-33.960,151.256,-33.882
11502,12502,131,151.015,-33.548,151.047,-33.793
12602,12202,122,151.114,-33.803,151.279,-33.640
12801,12403,21,151.144,-34.036,150.679,-33.811
12703,12003,703,150.931,-33.969,151.106,-33.886
11902,12102,61,151.089,-33.924,151.150,-33.622
11904,11702,1148,151.133,-33.960,151.161,-33.910
12602,12703,273,151.114,-33.803,150.931,-33.969
12104,12302,33,151.227,-33.831,150.854,-34.078
11901,12101,491,151.015,-33.928,151.187,-33.807
12301,12405,143,150.720,-34.055,150.786,-33.784
11502,12403,86,151.015,-33.548,150.679,-33.811
12202,12003,125,151.279,-33.640,151.106,-33.886
12403,11701,190,150.679,-33.811,151.200,-33.945
12103,12403,61,151.151,-33.735,150.679,-33.811
12802,11504,4,151.044,-34.085,150.893,-33.621
12104,12203,873,151.227,-33.831,151.230,-33.710
11904,12001,321,151.133,-33.960,151.115,-33.853
12801,11603,111,151.144,-34.036,150.839,-33.775
12801,12701,45,151.144,-34.036,150.747,-33.947
12602,11902,287,151.114,-33.803,151.089,-33.924
11603,12002,71,150.839,-33.775,151.168,-33.871
12201,11901,22,151.270,-33.800,151.015,-33.928
12701,12002,99,150.747,-33.947,151.168,-33.871
11502,11603,122,151.015,-33.548,150.839,-33.775
12103,12701,6,151.151,-33.735,150.747,-33.947
12802,12502,167,151.044,-34.085,151.047,-33.793
11502,12701,10,151.015,-33.548,150.747,-33.947
12002,12102,32,151.168,-33.871,151.150,-33.622
12103,11603,142,151.151,-33.735,150.839,-33.775
12405,11802,31,150.786,-33.784,151.242,-33.943
12104,11703,4359,151.227,-33.831,151.200,-33.889
12501,12501,3772,151.045,-33.855,151.045,-33.855
12301,12504,429,150.720,-34.055,150.992,-33.797
12701,11701,453,150.747,-33.947,151.200,-33.945
12601,11504,19,151.074,-33.754,150.893,-33.621
12703,12102,40,150.931,-33.969,151.150,-33.622
12501,12101,394,151.045,-33.855,151.187,-33.807
11902,12003,2282,151.089,-33.924,151.106,-33.886
11801,11504,15,151.256,-33.882,150.893,-33.621
12102,12405,22,151.150,-33.622,150.786,-33.784
11904,12301,27,151.133,-33.960,150.720,-34.055
12202,12102,188,151.279,-33.640,151.150,-33.622
11601,12403,855,150.908,-33.769,150.679,-33.811
11603,11701,250,150.839,-33.775,151.200,-33.945
12504,11802,124,150.992,-33.797,151.242,-33.943
11901,12501,2089,151.015,-33.928,151.045,-33.855
12601,12502,463,151.074,-33.754,151.047,-33.793
12104,12702,56,151.227,-33.831,150.869,-33.862
12403,12002,83,150.679,-33.811,151.168,-33.871
11601,11603,3161,150.908,-33.769,150.839,-33.775
12002,12003,550,151.168,-33.871,151.106,-33.886
11501,12601,948,150.995,-33.731,151.074,-33.754
11601,12701,71,150.908,-33.769,150.747,-33.947
11801,12502,91,151.256,-33.882,151.047,-33.793
12102,12504,622,151.150,-33.622,150.992,-33.797
11601,12302,193,150.908,-33.769,150.854,-34.078
12404,12202,7,150.747,-33.624,151.279,-33.640
12405,11602,207,150.786,-33.784,150.861,-33.699
12404,12703,111,150.747,-33.624,150.931,-33.969
11702,12504,243,151.161,-33.910,150.992,-33.797
12201,11504,5,151.270,-33.800,150.893,-33.621
12403,11501,904,150.679,-33.811,150.995,-33.731
12503,11902,411,150.974,-33.848,151.089,-33.924
11701,12003,132,151.200,-33.945,151.106,-33.886
12504,11903,101,150.992,-33.797,151.078,-33.969
11702,12405,19,151.161,-33.910,150.786,-33.784
12201,12502,38,151.270,-33.800,151.047,-33.793
11904,12503,323,151.133,-33.960,150.974,-33.848
12802,11901,2209,151.044,-34.085,151.015,-33.928
11601,11703,922,150.908,-33.769,151.200,-33.889
12404,11902,10,150.747,-33.624,151.089,-33.924
12801,12702,196,151.144,-34.036,150.869,-33.862
12101,12101,6477,151.187,-33.807,151.187,-33.807
12503,12703,1042,150.974,-33.848,150.931,-33.969
11501,12103,956,150.995,-33.731,151.151,-33.735
11601,12203,152,150.908,-33.769,151.230,-33.710
12103,12702,111,151.151,-33.735,150.869,-33.862
11502,12702,120,151.015,-33.548,150.869,-33.862
11904,12404,19,151.133,-33.960,150.747,-33.624
11501,12801,33,150.995,-33.731,151.144,-34.036
12503,12202,20,150.974,-33.848,151.279,-33.640
11502,12302,33,151.015,-33.548,150.854,-34.078
12104,12403,15,151.227,-33.831,150.679,-33.811
12405,11903,39,150.786,-33.784,151.078,-33.969
11603,11501,1097,150.839,-33.775,150.995,-33.731
12103,12302,43,151.151,-33.735,150.854,-34.078
12504,11602,230,150.992,-33.797,150.861,-33.699
12003,12405,84,151.106,-33.886,150.786,-33.784
12801,12302,237,151.144,-34.036,150.854,-34.078
11701,12102,11,151.200,-33.945,151.150,-33.622
12701,11501,214,150.747,-33.947,150.995,-33.731
11501,12104,677,150.995,-33.731,151.227,-33.831
12101,12501,326,151.187,-33.807,151.045,-33.855
12001,12504,930,151.115,-33.853,150.992,-33.797
12104,11603,43,151.227,-33.831,150.839,-33.775
12801,12203,81,151.144,-34.036,151.230,-33.710
12103,11703,3459,151.151,-33.735,151.200,-33.889
11502,11703,297,151.015,-33.548,151.200,-33.889
11801,11901,189,151.256,-33.882,151.015,-33.928
12001,12405,47,151.115,-33.853,150.786,-33.784
12601,11901,167,151.074,-33.754,151.015,-33.928
11502,12203,80,151.015,-33.548,151.230,-33.710
12801,11703,3271,151.144,-34.036,151.200,-33.889
12103,12203,1345,151.151,-33.735,151.230,-33.710
11904,12602,589,151.133,-33.960,151.114,-33.803
11601,12702,1314,150.908,-33.769,150.869,-33.862
12003,12504,1054,151.106,-33.886,150.992,-33.797
11504,11501,1548,150.893,-33.621,150.995,-33.731
12301,11504,12,150.720,-34.055,150.893,-33.621
11802,12404,6,151.242,-33.943,150.747,-33.624
12503,11603,1010,150.974,-33.848,150.839,-33.775
11602,12802,19,150.861,-33.699,151.044,-34.085
11501,11802,109,150.995,-33.731,151.242,-33.943
12503,12701,168,150.974,-33.848,150.747,-33.947
12802,12405,38,151.044,-34.085,150.786,-33.784
11702,11901,257,151.161,-33.910,151.015,-33.928
12504,12601,370,150.992,-33.797,151.074,-33.754
12002,11904,107,151.168,-33.871,151.133,-33.960
11703,12101,1308,151.200,-33.889,151.187,-33.807
12404,12403,1187,150.747,-33.624,150.679,-33.811
11802,12503,161,151.242,-33.943,150.974,-33.848
11602,11801,46,150.861,-33.699,151.256,-33.882
12203,12101,3721,151.230,-33.710,151.187,-33.807
12503,12403,345,150.974,-33.848,150.679,-33.811
11902,11904,1006,151.089,-33.924,151.133,-33.960
12802,12504,474,151.044,-34.085,150.992,-33.797
12301,12502,89,150.720,-34.055,151.047,-33.793
12404,12701,21,150.747,-33.624,150.747,-33.947
12602,12702,302,151.114,-33.803,150.869,-33.862
12404,11603,645,150.747,-33.624,150.839,-33.775
12302,12501,1033,150.854,-34.078,151.045,-33.855
11801,12405,16,151.256,-33.882,150.786,-33.784
11802,12602,720,151.242,-33.943,151.114,-33.803
12102,11504,18,151.150,-33.622,150.893,-33.621
12405,12601,35,150.786,-33.784,151.074,-33.754
11602,12201,21,150.861,-33.699,151.270,-33.800
12302,12101,188,150.854,-34.078,151.187,-33.807
12602,12302,90,151.114,-33.803,150.854,-34.078
12104,12703,71,151.227,-33.831,150.931,-33.969
12203,12501,392,151.230,-33.710,151.045,-33.855
12502,11501,770,151.047,-33.793,150.995,-33.731
12601,12405,14,151.074,-33.754,150.786,-33.784
12001,11901,534,151.115,-33.853,151.015,-33.928
12104,12202,139,151.227,-33.831,151.279,-33.640
11903,11601,131,151.078,-33.969,150.908,-33.769
12703,11904,424,150.931,-33.969,151.133,-33.960
12602,11703,3241,151.114,-33.803,151.200,-33.889
11703,12501,587,151.200,-33.889,151.045,-33.855
11801,12504,199,151.256,-33.882,150.992,-33.797
12102,12502,267,151.150,-33.622,151.047,-33.793
12104,11902,54,151.227,-33.831,151.089,-33.924
12601,12504,853,151.074,-33.754,150.992,-33.797
12602,12203,621,151.114,-33.803,151.230,-33.710
11903,11502,16,151.078,-33.969,151.015,-33.548
12202,11904,25,151.279,-33.640,151.133,-33.960
12003,11901,1343,151.106,-33.886,151.015,-33.928
11502,12703,33,151.015,-33.548,150.931,-33.969
12103,12202,385,151.151,-33.735,151.279,-33.640
12405,12103,25,150.786,-33.784,151.151,-33.735
12503,12702,2232,150.974,-33.848,150.869,-33.862
11502,12202,13,151.015,-33.548,151.279,-33.640
12103,12703,78,151.151,-33.735,150.931,-33.969
12405,12801,9,150.786,-33.784,151.144,-34.036
12801,12703,706,151.144,-34.036,150.931,-33.969
11504,11701,84,150.893,-33.621,151.200,-33.945
12602,12403,153,151.114,-33.803,150.679,-33.811
11903,12802,729,151.078,-33.969,151.044,-34.085
12801,12202,9,151.144,-34.036,151.279,-33.640
12201,12405,3,151.270,-33.800,150.786,-33.784
11802,12001,256,151.242,-33.943,151.115,-33.853
11702,12502,70,151.161,-33.910,151.047,-33.793
11502,11902,22,151.015,-33.548,151.089,-33.924
12103,11902,67,151.151,-33.735,151.089,-33.924
12801,11902,575,151.144,-34.036,151.089,-33.924
12404,12702,168,150.747,-33.624,150.869,-33.862
11702,11504,4,151.161,-33.910,150.893,-33.621
12201,12504,63,151.270,-33.800,150.992,-33.797
12504,12104,368,150.992,-33.797,151.227,-33.831
12602,12701,38,151.114,-33.803,150.747,-33.947
11802,11702,616,151.242,-33.943,151.161,-33.910
11501,11602,635,150.995,-33.731,150.861,-33.699
12502,12002,144,151.047,-33.793,151.168,-33.871
12602,11603,235,151.114,-33.803,150.839,-33.775
12702,12101,359,150.869,-33.862,151.187,-33.807
11903,11801,328,151.078,-33.969,151.256,-33.882
12301,11901,761,150.720,-34.055,151.015,-33.928
11602,11601,2884,150.861,-33.699,150.908,-33.769
11601,12703,612,150.908,-33.769,150.931,-33.969
12003,11504,11,151.106,-33.886,150.893,-33.621
12503,12203,106,150.974,-33.848,151.230,-33.710
12404,12302,49,150.747,-33.624,150.854,-34.078
12502,11701,203,151.047,-33.793,151.200,-33.945
11601,12202,35,150.908,-33.769,151.279,-33.640
12702,12501,2050,150.869,-33.862,151.045,-33.855
12001,12502,258,151.115,-33.853,151.047,-33.793
11903,12201,12,151.078,-33.969,151.270,-33.800
12504,12801,65,150.992,-33.797,151.144,-34.036
12503,11703,1297,150.974,-33.848,151.200,-33.889
12504,12103,287,150.992,-33.797,151.151,-33.735
11601,11902,142,150.908,-33.769,151.089,-33.924
11504,12002,28,150.893,-33.621,151.168,-33.871
12404,11703,143,150.747,-33.624,151.200,-33.889
12001,11504,16,151.115,-33.853,150.893,-33.621
11602,11502,393,150.861,-33.699,151.015,-33.548
12405,12104,58,150.786,-33.784,151.227,-33.831
12003,12502,271,151.106,-33.886,151.047,-33.793
11802,12301,16,151.242,-33.943,150.720,-34.055
12503,12302,344,150.974,-33.848,150.854,-34.078
11501,11903,66,150.995,-33.731,151.078,-33.969
11701,11904,213,151.200,-33.945,151.133,-33.960
12102,11901,115,151.150,-33.622,151.015,-33.928
12404,12203,6,150.747,-33.624,151.230,-33.710
11801,12703,171,151.256,-33.882,150.931,-33.969
12001,11603,202,151.115,-33.853,150.839,-33.775
12003,12403,151,151.106,-33.886,150.679,-33.811
11902,11903,926,151.089,-33.924,151.078,-33.969
12001,12701,13,151.115,-33.853,150.747,-33.947
11801,12202,34,151.256,-33.882,151.279,-33.640
12703,11602,34,150.931,-33.969,150.861,-33.699
12202,11602,29,151.279,-33.640,150.861,-33.699
12301,12302,4234,150.720,-34.055,150.854,-34.078
12104,12405,13,151.227,-33.831,150.786,-33.784
12601,12202,61,151.074,-33.754,151.279,-33.640
11903,12301,70,151.078,-33.969,150.720,-34.055
12601,12703,86,151.074,-33.754,150.931,-33.969
11701,11802,1779,151.200,-33.945,151.242,-33.943
11801,11902,121,151.256,-33.882,151.089,-33.924
12003,11603,238,151.106,-33.886,150.839,-33.775
12001,12403,104,151.115,-33.853,150.679,-33.811
12101,12002,278,151.187,-33.807,151.168,-33.871
11602,12602,1256,150.861,-33.699,151.114,-33.803
12301,12203,22,150.720,-34.055,151.230,-33.710
12501,11501,285,151.045,-33.855,150.995,-33.731
12102,12702,58,151.150,-33.622,150.869,-33.862
12003,12701,58,151.106,-33.886,150.747,-33.947
11802,12201,40,151.242,-33.943,151.270,-33.800
12002,11903,49,151.168,-33.871,151.078,-33.969
12601,11902,52,151.074,-33.754,151.089,-33.924
12301,11703,384,150.720,-34.055,151.200,-33.889
12104,12504,318,151.227,-33.831,150.992,-33.797
12703,11903,356,150.931,-33.969,151.078,-33.969
12802,12202,22,151.044,-34.085,151.279,-33.640
11802,11801,3293,151.242,-33.943,151.256,-33.882
11902,11602,12,151.089,-33.924,150.861,-33.699
12802,12703,923,151.044,-34.085,150.931,-33.969
11903,11702,773,151.078,-33.969,151.161,-33.910
12102,12302,23,151.150,-33.622,150.854,-34.078
12101,11701,484,151.187,-33.807,151.200,-33.945
11702,11603,65,151.161,-33.910,150.839,-33.775
11702,12701,3,151.161,-33.910,150.747,-33.947
12602,11504,11,151.114,-33.803,150.893,-33.621
12503,11901,2125,150.974,-33.848,151.015,-33.928
12202,11903,6,151.279,-33.640,151.078,-33.969
11802,12802,130,151.242,-33.943,151.044,-34.085
11903,12001,298,151.078,-33.969,151.115,-33.853
12404,11901,65,150.747,-33.624,151.015,-33.928
11602,12404,676,150.861,-33.699,150.747,-33.624
12102,12203,912,151.150,-33.622,151.230,-33.710
12301,12702,884,150.720,-34.055,150.869,-33.862
12802,11902,792,151.044,-34.085,151.089,-33.924
12602,12502,811,151.114,-33.803,151.047,-33.793
11702,12403,36,151.161,-33.910,150.679,-33.811
11901,11501,304,151.015,-33.928,150.995,-33.731
12102,11703,910,151.150,-33.622,151.200,-33.889
11602,12503,830,150.861,-33.699,150.974,-33.848
12002,11602,7,151.168,-33.871,150.861,-33.699
11601,12405,622,150.908,-33.769,150.786,-33.784
12102,12403,44,151.150,-33.622,150.679,-33.811
12001,12702,312,151.115,-33.853,150.869,-33.862
11702,11703,2993,151.161,-33.910,151.200,-33.889
11602,12301,27,150.861,-33.699,150.720,-34.055
12405,12003,317,150.786,-33.784,151.106,-33.886
12403,12501,1307,150.679,-33.811,151.045,-33.855
12504,12102,365,150.992,-33.797,151.150,-33.622
11702,12203,82,151.161,-33.910,151.230,-33.710
11901,12002,322,151.015,-33.928,151.168,-33.871
11702,12302,60,151.161,-33.910,150.854,-34.078
12202,11802,55,151.279,-33.640,151.242,-33.943
12102,11603,130,151.150,-33.622,150.839,-33.775
11603,12101,254,150.839,-33.775,151.187,-33.807
11802,11601,78,151.242,-33.943,150.908,-33.769
12003,12702,435,151.106,-33.886,150.869,-33.862
12102,12701,12,151.150,-33.622,150.747,-33.947
11601,12504,4460,150.908,-33.769,150.992,-33.797
12501,11701,299,151.045,-33.855,151.200,-33.945
11903,12602,610,151.078,-33.969,151.114,-33.803
12701,12101,129,150.747,-33.947,151.187,-33.807
12703,11802,209,150.931,-33.969,151.242,-33.943
11502,12405,45,151.015,-33.548,150.786,-33.784
12301,12403,277,150.720,-34.055,150.679,-33.811
12501,12002,179,151.045,-33.855,151.168,-33.871
12101,11501,325,151.187,-33.807,150.995,-33.731
12001,12203,136,151.115,-33.853,151.230,-33.710
12002,11802,259,151.168,-33.871,151.242,-33.943
12103,12405,29,151.151,-33.735,150.786,-33.784
12701,12501,794,150.747,-33.947,151.045,-33.855
12405,12102,52,150.786,-33.784,151.150,-33.622
12503,12502,749,150.974,-33.848,151.047,-33.793
12801,12405,18,151.144,-34.036,150.786,-33.784
12003,12302,226,151.106,-33.886,150.854,-34.078
12201,12202,361,151.270,-33.800,151.279,-33.640
11602,11702,54,150.861,-33.699,151.161,-33.910
12504,12003,1133,150.992,-33.797,151.106,-33.886
11501,11904,96,150.995,-33.731,151.133,-33.960
11603,12501,1240,150.839,-33.775,151.045,-33.855
11702,12702,87,151.161,-33.910,150.869,-33.862
12001,11703,3484,151.115,-33.853,151.200,-33.889
12404,11504,713,150.747,-33.624,150.893,-33.621
11701,11903,98,151.200,-33.945,151.078,-33.969
12201,12703,14,151.270,-33.800,150.931,-33.969
12103,12504,712,151.151,-33.735,150.992,-33.797
12602,11901,510,151.114,-33.803,151.015,-33.928
12503,11504,50,150.974,-33.848,150.893,-33.621
12301,11603,449,150.720,-34.055,150.839,-33.775
12403,12101,254,150.679,-33.811,151.187,-33.807
12003,12203,273,151.106,-33.886,151.230,-33.710
11903,12503,416,151.078,-33.969,150.974,-33.848
12301,12701,663,150.720,-34.055,150.747,-33.947
11901,11701,1536,151.015,-33.928,151.200,-33.945
11502,12504,437,151.015,-33.548,150.992,-33.797
12001,12302,85,151.115,-33.853,150.854,-34.078
12404,12502,80,150.747,-33.624,151.047,-33.793
11903,12404,6,151.078,-33.969,150.747,-33.624
11902,11802,541,151.089,-33.924,151.242,-33.943
12003,11703,4772,151.106,-33.886,151.200,-33.889
11602,12001,322,150.861,-33.699,151.115,-33.853
12801,12504,304,151.144,-34.036,150.992,-33.797
12201,11902,9,151.270,-33.800,151.089,-33.924
11903,12703,665,151.078,-33.969,150.931,-33.969
12802,11702,389,151.044,-34.085,151.161,-33.910
12801,12802,3260,151.144,-34.036,151.044,-34.085
12601,12301,6,151.074,-33.754,150.720,-34.055
12104,11601,85,151.227,-33.831,150.908,-33.769
11903,12202,12,151.078,-33.969,151.279,-33.640
12702,11904,216,150.869,-33.862,151.133,-33.960
11904,11504,3,151.133,-33.960,150.893,-33.621
11601,12201,6,150.908,-33.769,151.270,-33.800
11801,12301,12,151.256,-33.882,150.720,-34.055
12103,12802,17,151.151,-33.735,151.044,-34.085
11903,11902,1676,151.078,-33.969,151.089,-33.924
11701,12501,121,151.200,-33.945,151.045,-33.855
12405,11501,475,150.786,-33.784,150.995,-33.731
12403,11602,439,150.679,-33.811,150.861,-33.699
12201,12404,6,151.270,-33.800,150.747,-33.624
11603,11903,28,150.839,-33.775,151.078,-33.969
12101,12102,227,151.187,-33.807,151.150,-33.622
12801,11801,457,151.144,-34.036,151.256,-33.882
12802,12001,250,151.044,-34.085,151.115,-33.853
12104,11502,23,151.227,-33.831,151.015,-33.548
12502,12601,439,151.047,-33.793,151.074,-33.754
12103,11801,282,151.151,-33.735,151.256,-33.882
12701,11903,195,150.747,-33.947,151.078,-33.969
12201,12503,44,151.270,-33.800,150.974,-33.848
11502,11801,27,151.015,-33.548,151.256,-33.882
11904,12502,130,151.133,-33.960,151.047,-33.793
12801,12201,18,151.144,-34.036,151.270,-33.800
11801,11702,412,151.256,-33.882,151.161,-33.910
11502,12201,11,151.015,-33.548,151.270,-33.800
11701,12101,170,151.200,-33.945,151.187,-33.807
12601,11702,34,151.074,-33.754,151.161,-33.910
11601,12802,39,150.908,-33.769,151.044,-34.085
12802,12301,42,151.044,-34.085,150.720,-34.055
12103,12201,149,151.151,-33.735,151.270,-33.800
11801,12001,210,151.256,-33.882,151.115,-33.853
12201,12602,369,151.270,-33.800,151.114,-33.803
11603,11602,436,150.839,-33.775,150.861,-33.699
11504,12601,96,150.893,-33.621,151.074,-33.754
12403,11903,28,150.679,-33.811,151.078,-33.969
12101,12003,324,151.187,-33.807,151.106,-33.886
12504,11501,2342,150.992,-33.797,150.995,-33.731
11601,11801,76,150.908,-33.769,151.256,-33.882
12601,12001,265,151.074,-33.754,151.115,-33.853
12701,11602,44,150.747,-33.947,150.861,-33.699
12104,12201,285,151.227,-33.831,151.270,-33.800
11902,12101,473,151.089,-33.924,151.187,-33.807
12501,12003,1178,151.045,-33.855,151.106,-33.886
12203,11904,77,151.230,-33.710,151.133,-33.960
12201,11702,44,151.270,-33.800,151.161,-33.910
11602,12202,22,150.861,-33.699,151.279,-33.640
12502,12104,298,151.047,-33.793,151.227,-33.831
11802,12504,299,151.242,-33.943,150.992,-33.797
12403,11802,46,150.679,-33.811,151.242,-33.943
11901,12102,75,151.015,-33.928,151.150,-33.622
12504,12002,222,150.992,-33.797,151.168,-33.871
11601,11601,8577,150.908,-33.769,150.908,-33.769
11602,12703,358,150.861,-33.699,150.931,-33.969
12202,12501,132,151.279,-33.640,151.045,-33.855
11504,12103,84,150.893,-33.621,151.151,-33.735
12601,12602,1797,151.074,-33.754,151.114,-33.803
11504,12801,4,150.893,-33.621,151.144,-34.036
12802,12503,464,151.044,-34.085,150.974,-33.848
11904,11901,1054,151.133,-33.960,151.015,-33.928
12802,12404,15,151.044,-34.085,150.747,-33.624
11703,11904,337,151.200,-33.889,151.133,-33.960
12405,11701,107,150.786,-33.784,151.200,-33.945
12201,12001,80,151.270,-33.800,151.115,-33.853
11801,12602,769,151.256,-33.882,151.114,-33.803
11802,12405,13,151.242,-33.943,150.786,-33.784
11601,11502,255,150.908,-33.769,151.015,-33.548
12002,12101,722,151.168,-33.871,151.187,-33.807
12703,12501,1021,150.931,-33.969,151.045,-33.855
11602,11902,72,150.861,-33.699,151.089,-33.924
12405,12002,74,150.786,-33.784,151.168,-33.871
12201,12301,3,151.270,-33.800,150.720,-34.055
12501,12102,91,151.045,-33.855,151.150,-33.622
12104,12802,18,151.227,-33.831,151.044,-34.085
11504,12104,72,150.893,-33.621,151.227,-33.831
12801,11601,54,151.144,-34.036,150.908,-33.769
12701,11802,85,150.747,-33.947,151.242,-33.943
12002,12501,401,151.168,-33.871,151.045,-33.855
12703,12101,209,150.931,-33.969,151.187,-33.807
12103,11601,215,151.151,-33.735,150.908,-33.769
12202,12101,990,151.279,-33.640,151.187,-33.807
11603,11802,52,150.839,-33.775,151.242,-33.943
11901,12003,2162,151.015,-33.928,151.106,-33.886
11502,11601,337,151.015,-33.548,150.908,-33.769
12302,11904,273,150.854,-34.078,151.133,-33.960
12601,12404,26,151.074,-33.754,150.747,-33.624
11801,12503,122,151.256,-33.882,150.974,-33.848
12504,11701,415,150.992,-33.797,151.200,-33.945
12104,11801,422,151.227,-33.831,151.256,-33.882
12802,12602,507,151.044,-34.085,151.114,-33.803
12103,11502,36,151.151,-33.735,151.015,-33.548
12502,12801,36,151.047,-33.793,151.144,-34.036
11902,12501,1075,151.089,-33.924,151.045,-33.855
11801,12404,6,151.256,-33.882,150.747,-33.624
12502,12103,259,151.047,-33.793,151.151,-33.735
12601,12503,137,151.074,-33.754,150.974,-33.848
11502,11502,2298,151.015,-33.548,151.015,-33.548
11904,12302,189,151.133,-33.960,150.854,-34.078
11603,11904,58,150.839,-33.775,151.133,-33.960
11501,12501,1662,150.995,-33.731,151.045,-33.855
12101,12104,2838,151.187,-33.807,151.227,-33.831
12201,12201,1619,151.270,-33.800,151.270,-33.800
11901,12601,86,151.015,-33.928,151.074,-33.754
12701,11904,113,150.747,-33.947,151.133,-33.960
12802,11601,112,151.044,-34.085,150.908,-33.769
12104,11702,98,151.227,-33.831,151.161,-33.910
11601,12503,1868,150.908,-33.769,150.974,-33.848
11904,11703,4794,151.133,-33.960,151.200,-33.889
12801,12602,356,151.144,-34.036,151.114,-33.803
12702,11903,228,150.869,-33.862,151.078,-33.969
12802,11502,10,151.044,-34.085,151.015,-33.548
12103,12602,2707,151.151,-33.735,151.114,-33.803
11904,12203,120,151.133,-33.960,151.230,-33.710
12104,12001,249,151.227,-33.831,151.115,-33.853
11502,12602,408,151.015,-33.548,151.114,-33.803
11601,12404,312,150.908,-33.769,150.747,-33.624
12302,11802,198,150.854,-34.078,151.242,-33.943
11903,12405,42,151.078,-33.969,150.786,-33.784
12601,11601,251,151.074,-33.754,150.908,-33.769
12201,12802,3,151.270,-33.800,151.044,-34.085
12104,12301,7,151.227,-33.831,150.720,-34.055
12403,11904,53,150.679,-33.811,151.133,-33.960
12501,12601,50,151.045,-33.855,151.074,-33.754
12203,11802,227,151.230,-33.710,151.242,-33.943
11801,11601,89,151.256,-33.882,150.908,-33.769
12201,11801,125,151.270,-33.800,151.256,-33.882
12101,12103,820,151.187,-33.807,151.151,-33.735
12601,11502,132,151.074,-33.754,151.015,-33.548
11502,12503,128,151.015,-33.548,150.974,-33.848
12801,12404,15,151.144,-34.036,150.747,-33.624
12103,12503,161,151.151,-33.735,150.974,-33.848
11703,11802,1305,151.200,-33.889,151.242,-33.943
12101,12801,53,151.187,-33.807,151.144,-34.036
11903,12504,428,151.078,-33.969,150.992,-33.797
12801,12503,268,151.144,-34.036,150.974,-33.848
12103,12404,28,151.151,-33.735,150.747,-33.624
11904,12702,192,151.133,-33.960,150.869,-33.862
11501,12101,1599,150.995,-33.731,151.187,-33.807
11502,12404,130,151.015,-33.548,150.747,-33.624
11601,12602,1527,150.908,-33.769,151.114,-33.803
11801,11502,24,151.256,-33.882,151.015,-33.548
12702,11602,99,150.869,-33.862,150.861,-33.699
12601,12802,10,151.074,-33.754,151.044,-34.085
12201,11601,41,151.270,-33.800,150.908,-33.769
12801,12301,35,151.144,-34.036,150.720,-34.055
12501,12103,101,151.045,-33.855,151.151,-33.735
12501,12801,43,151.045,-33.855,151.144,-34.036
11601,11702,124,150.908,-33.769,151.161,-33.910
12302,11602,64,150.854,-34.078,150.861,-33.699
11502,12301,8,151.015,-33.548,150.720,-34.055
11703,11903,137,151.200,-33.889,151.078,-33.969
12802,12201,12,151.044,-34.085,151.270,-33.800
11801,12802,53,151.256,-33.882,151.044,-34.085
12103,12301,3,151.151,-33.735,150.720,-34.055
12201,11502,3,151.270,-33.800,151.015,-33.548
12601,11801,69,151.074,-33.754,151.256,-33.882
11601,12001,602,150.908,-33.769,151.115,-33.853
12104,12404,25,151.227,-33.831,150.747,-33.624
11504,12003,128,150.893,-33.621,151.106,-33.886
12203,11903,28,151.230,-33.710,151.078,-33.969
12101,12601,150,151.187,-33.807,151.074,-33.754
12502,12102,265,151.047,-33.793,151.150,-33.622
12104,12503,55,151.227,-33.831,150.974,-33.848
11901,12104,219,151.015,-33.928,151.227,-33.831
11801,11801,7116,151.256,-33.882,151.256,-33.882
12302,11903,328,150.854,-34.078,151.078,-33.969
12103,11702,87,151.151,-33.735,151.161,-33.910
12601,12201,15,151.074,-33.754,151.270,-33.800
12702,11802,125,150.869,-33.862,151.242,-33.943
11502,11702,14,151.015,-33.548,151.161,-33.910
12802,12802,8850,151.044,-34.085,151.044,-34.085
11801,12201,62,151.256,-33.882,151.270,-33.800
11904,12403,53,151.133,-33.960,150.679,-33.811
11601,12301,35,150.908,-33.769,150.720,-34.055
11901,12801,551,151.015,-33.928,151.144,-34.036
11703,11602,27,151.200,-33.889,150.861,-33.699
11901,12103,136,151.015,-33.928,151.151,-33.735
11802,11902,220,151.242,-33.943,151.089,-33.924
12801,11702,416,151.144,-34.036,151.161,-33.910
11602,12405,386,150.861,-33.699,150.786,-33.784
12203,11602,12,151.230,-33.710,150.861,-33.699
11502,12001,78,151.015,-33.548,151.115,-33.853
12104,12602,1396,151.227,-33.831,151.114,-33.803
12103,12001,383,151.151,-33.735,151.115,-33.853
12501,12104,158,151.045,-33.855,151.227,-33.831
11504,12102,121,150.893,-33.621,151.150,-33.622
11602,12504,2489,150.861,-33.699,150.992,-33.797
12801,12001,176,151.144,-34.036,151.115,-33.853
11904,11603,86,151.133,-33.960,150.839,-33.775
12502,12003,562,151.047,-33.793,151.106,-33.886
12802,11801,208,151.044,-34.085,151.256,-33.882
11802,12202,35,151.242,-33.943,151.279,-33.640
11802,12703,356,151.242,-33.943,150.931,-33.969
11904,12701,29,151.133,-33.960,150.747,-33.947
11902,12002,591,151.089,-33.924,151.168,-33.871
12503,12602,1193,150.974,-33.848,151.114,-33.803
12003,12802,128,151.106,-33.886,151.044,-34.085
12301,11601,217,150.720,-34.055,150.908,-33.769
12001,11801,324,151.115,-33.853,151.256,-33.882
12504,12101,870,150.992,-33.797,151.187,-33.807
12702,12104,137,150.869,-33.862,151.227,-33.831
12602,12301,26,151.114,-33.803,150.720,-34.055
11703,12601,70,151.200,-33.889,151.074,-33.754
12203,12601,153,151.230,-33.710,151.074,-33.754
11603,12102,117,150.839,-33.775,151.150,-33.622
12403,12003,595,150.679,-33.811,151.106,-33.886
12101,11903,57,151.187,-33.807,151.078,-33.969
12001,12802,25,151.115,-33.853,151.044,-34.085
12003,11801,465,151.106,-33.886,151.256,-33.882
12301,11502,12,150.720,-34.055,151.015,-33.548
12202,11701,212,151.279,-33.640,151.200,-33.945
11702,12201,22,151.161,-33.910,151.270,-33.800
12703,11701,1081,150.931,-33.969,151.200,-33.945
12404,12602,120,150.747,-33.624,151.114,-33.803
12002,12002,1901,151.168,-33.871,151.168,-33.871
12405,12501,804,150.786,-33.784,151.045,-33.855
11701,11501,41,151.200,-33.945,150.995,-33.731
12701,12102,29,150.747,-33.947,151.150,-33.622
12501,11802,109,151.045,-33.855,151.242,-33.943
12602,11702,272,151.114,-33.803,151.161,-33.910
12002,11701,451,151.168,-33.871,151.200,-33.945
12003,12201,46,151.106,-33.886,151.270,-33.800
11802,12701,14,151.242,-33.943,150.747,-33.947
11904,12703,506,151.133,-33.960,150.931,-33.969
12703,12002,149,150.931,-33.969,151.168,-33.871
12405,12101,118,150.786,-33.784,151.187,-33.807
12503,12404,47,150.974,-33.848,150.747,-33.624
11802,11603,55,151.242,-33.943,150.839,-33.775
12302,12601,50,150.854,-34.078,151.074,-33.754
11904,12202,12,151.133,-33.960,151.279,-33.640
12102,11601,249,151.150,-33.622,150.908,-33.769
12503,12503,7061,150.974,-33.848,150.974,-33.848
12202,12002,51,151.279,-33.640,151.168,-33.871
11702,11801,351,151.161,-33.910,151.256,-33.882
11603,12003,583,150.839,-33.775,151.106,-33.886
12001,12201,28,151.115,-33.853,151.270,-33.800
12403,12102,83,150.679,-33.811,151.150,-33.622
12504,12501,2058,150.992,-33.797,151.045,-33.855
11904,11902,1199,151.133,-33.960,151.089,-33.924
11901,11802,339,151.015,-33.928,151.242,-33.943
12602,12001,1336,151.114,-33.803,151.115,-33.853
12101,11602,6,151.187,-33.807,150.861,-33.699
11802,12403,24,151.242,-33.943,150.679,-33.811
12102,11502,262,151.150,-33.622,151.015,-33.548
12404,12503,199,150.747,-33.624,150.974,-33.848
12404,12404,4431,150.747,-33.624,150.747,-33.624
11602,11901,347,150.861,-33.699,151.015,-33.928
12702,12103,75,150.869,-33.862,151.151,-33.735
11902,11701,1917,151.089,-33.924,151.200,-33.945
12702,12801,121,150.869,-33.862,151.144,-34.036
11702,12802,45,151.161,-33.910,151.044,-34.085
12701,12003,529,150.747,-33.947,151.106,-33.886
11903,12502,97,151.078,-33.969,151.047,-33.793
12301,12201,3,150.720,-34.055,151.270,-33.800
12203,12104,2907,151.230,-33.710,151.227,-33.831
12302,12103,35,150.854,-34.078,151.151,-33.735
12302,12801,260,150.854,-34.078,151.144,-34.036
12102,12802,12,151.150,-33.622,151.044,-34.085
12501,11602,38,151.045,-33.855,150.861,-33.699
11802,12203,157,151.242,-33.943,151.230,-33.710
11802,11703,7679,151.242,-33.943,151.200,-33.889
12502,11904,45,151.047,-33.793,151.133,-33.960
12404,12301,19,150.747,-33.624,150.720,-34.055
11901,11903,1393,151.015,-33.928,151.078,-33.969
12703,11501,236,150.931,-33.969,150.995,-33.731
12503,12301,78,150.974,-33.848,150.720,-34.055
11701,11701,2988,151.200,-33.945,151.200,-33.945
12102,11801,102,151.150,-33.622,151.256,-33.882
12602,12602,9792,151.114,-33.803,151.114,-33.803
11802,12302,127,151.242,-33.943,150.854,-34.078
12202,11501,124,151.279,-33.640,150.995,-33.731
12702,12601,87,150.869,-33.862,151.074,-33.754
11703,12104,1219,151.200,-33.889,151.227,-33.831
11702,11601,59,151.161,-33.910,150.908,-33.769
12102,12201,71,151.150,-33.622,151.270,-33.800
11802,12702,101,151.242,-33.943,150.869,-33.862
12501,11903,115,151.045,-33.855,151.078,-33.969
11504,11904,6,150.893,-33.621,151.133,-33.960
12404,11702,20,150.747,-33.624,151.161,-33.910
12301,12802,67,150.720,-34.055,151.044,-34.085
11602,11504,792,150.861,-33.699,150.893,-33.621
12001,11502,22,151.115,-33.853,151.015,-33.548
12003,11601,259,151.106,-33.886,150.908,-33.769
11703,12103,228,151.200,-33.889,151.151,-33.735
11901,11602,52,151.015,-33.928,150.861,-33.699
12002,11501,102,151.168,-33.871,150.995,-33.731
12503,12001,584,150.974,-33.848,151.115,-33.853
11701,12002,90,151.200,-33.945,151.168,-33.871
12101,11802,326,151.187,-33.807,151.242,-33.943
11703,12801,230,151.200,-33.889,151.144,-34.036
11602,12502,445,150.861,-33.699,151.047,-33.793
11902,11501,192,151.089,-33.924,150.995,-33.731
12203,12801,48,151.230,-33.710,151.144,-34.036
12602,12503,493,151.114,-33.803,150.974,-33.848
12302,12104,64,150.854,-34.078,151.227,-33.831
12203,12103,975,151.230,-33.710,151.151,-33.735
11903,11901,1777,151.078,-33.969,151.015,-33.928
12301,11801,38,150.720,-34.055,151.256,-33.882
12404,12001,43,150.747,-33.624,151.115,-33.853
12003,11502,13,151.106,-33.886,151.015,-33.548
12001,11601,241,151.115,-33.853,150.908,-33.769
12602,12404,41,151.114,-33.803,150.747,-33.624
12503,11702,218,150.974,-33.848,151.161,-33.910
11603,12104,73,150.839,-33.775,151.227,-33.831
11904,12405,35,151.133,-33.960,150.786,-33.784
12101,11904,63,151.187,-33.807,151.133,-33.960
11702,12503,133,151.161,-33.910,150.974,-33.848
12102,12301,6,151.150,-33.622,150.720,-34.055
12001,12602,1635,151.115,-33.853,151.114,-33.803
11602,12403,583,150.861,-33.699,150.679,-33.811
12503,11801,111,150.974,-33.848,151.256,-33.882
11501,11501,12269,150.995,-33.731,150.995,-33.731
12404,12802,9,150.747,-33.624,151.044,-34.085
11802,11901,408,151.242,-33.943,151.015,-33.928
11504,11802,23,150.893,-33.621,151.242,-33.943
11702,12404,10,151.161,-33.910,150.747,-33.624
12701,12104,67,150.747,-33.947,151.227,-33.831
12301,11702,68,150.720,-34.055,151.161,-33.910
12403,12801,49,150.679,-33.811,151.144,-34.036
11602,12701,51,150.861,-33.699,150.747,-33.947
12003,12602,1492,151.106,-33.886,151.114,-33.803
11602,11603,1571,150.861,-33.699,150.839,-33.775
12503,12802,78,150.974,-33.848,151.044,-34.085
12403,12103,60,150.679,-33.811,151.151,-33.735
11904,12504,381,151.133,-33.960,150.992,-33.797
12404,11801,17,150.747,-33.624,151.256,-33.882
12301,12001,69,150.720,-34.055,151.115,-33.853
12702,12102,101,150.869,-33.862,151.150,-33.622
11903,12702,342,151.078,-33.969,150.869,-33.862
11903,12302,311,151.078,-33.969,150.854,-34.078
12502,11802,79,151.047,-33.793,151.242,-33.943
12403,12104,104,150.679,-33.811,151.227,-33.831
12301,12301,5378,150.720,-34.055,150.720,-34.055
12001,12404,28,151.115,-33.853,150.747,-33.624
12602,11601,369,151.114,-33.803,150.908,-33.769
12001,12503,454,151.115,-33.853,150.974,-33.848
11702,12602,407,151.161,-33.910,151.114,-33.803
12102,11702,30,151.150,-33.622,151.161,-33.910
12503,12201,39,150.974,-33.848,151.270,-33.800
11603,12801,40,150.839,-33.775,151.144,-34.036
11903,11703,3026,151.078,-33.969,151.200,-33.889
12003,12404,39,151.106,-33.886,150.747,-33.624
11603,12103,100,150.839,-33.775,151.151,-33.735
12602,11502,69,151.114,-33.803,151.015,-33.548
12701,12103,53,150.747,-33.947,151.151,-33.735
12102,12001,163,151.150,-33.622,151.115,-33.853
12003,12503,556,151.106,-33.886,150.974,-33.848
11903,12203,67,151.078,-33.969,151.230,-33.710
12702,12003,1154,150.869,-33.862,151.106,-33.886
12701,12801,87,150.747,-33.947,151.144,-34.036
11501,11701,414,150.995,-33.731,151.200,-33.945
11802,12502,90,151.242,-33.943,151.047,-33.793
11702,12001,258,151.161,-33.910,151.115,-33.853
12003,12301,54,151.106,-33.886,150.720,-34.055
12302,12003,593,150.854,-34.078,151.106,-33.886
12602,12802,42,151.114,-33.803,151.044,-34.085
11903,12403,44,151.078,-33.969,150.679,-33.811
11703,12102,97,151.200,-33.889,151.150,-33.622
11602,12702,665,150.861,-33.699,150.869,-33.862
11603,12601,74,150.839,-33.775,151.074,-33.754
12203,12102,376,151.230,-33.710,151.150,-33.622
12001,12301,38,151.115,-33.853,150.720,-34.055
12102,12602,1555,151.150,-33.622,151.114,-33.803
11802,11504,6,151.242,-33.943,150.893,-33.621
11504,11602,461,150.893,-33.621,150.861,-33.699
12301,12404,38,150.720,-34.055,150.747,-33.624
11702,11702,1371,151.161,-33.910,151.161,-33.910
12602,11801,339,151.114,-33.803,151.256,-33.882
11903,11603,125,151.078,-33.969,150.839,-33.775
12301,12503,491,150.720,-34.055,150.974,-33.848
11903,12701,65,151.078,-33.969,150.747,-33.947
12502,11903,88,151.047,-33.793,151.078,-33.969
12701,12601,21,150.747,-33.947,151.074,-33.754
11901,11904,1001,151.015,-33.928,151.133,-33.960
12302,12102,28,150.854,-34.078,151.150,-33.622
12503,11502,80,150.974,-33.848,151.015,-33.548
12001,12001,3689,151.115,-33.853,151.115,-33.853
12404,11601,637,150.747,-33.624,150.908,-33.769
11602,12302,127,150.861,-33.699,150.854,-34.078
11703,12003,710,151.200,-33.889,151.106,-33.886
12602,12201,78,151.114,-33.803,151.270,-33.800
12003,11702,1156,151.106,-33.886,151.161,-33.910
12501,11904,127,151.045,-33.855,151.133,-33.960
12203,12003,272,151.230,-33.710,151.106,-33.886
11504,11903,3,150.893,-33.621,151.078,-33.969
12403,12601,58,150.679,-33.811,151.074,-33.754
12301,12602,177,150.720,-34.055,151.114,-33.803
11602,12203,133,150.861,-33.699,151.230,-33.710
12102,12404,47,151.150,-33.622,150.747,-33.624
12503,11601,1201,150.974,-33.848,150.908,-33.769
11501,12002,205,150.995,-33.731,151.168,-33.871
12502,11602,35,151.047,-33.793,150.861,-33.699
12102,12503,154,151.150,-33.622,150.974,-33.848
12404,11502,161,150.747,-33.624,151.015,-33.548
11702,12301,3,151.161,-33.910,150.720,-34.055
12003,12001,1576,151.106,-33.886,151.115,-33.853
11602,11703,662,150.861,-33.699,151.200,-33.889
12001,11702,364,151.115,-33.853,151.161,-33.910
